Id,ParentId,Type,Name,PositionX,PositionY,PositionZ,RotationW,RotationX,RotationY,RotationZ,IconFilePath,GlbFilePath,WrlFilePath
662d76a7-a651-4456-9c75-c5f60cec6588,,Any,662d76a7-a651-4456-9c75-c5f60cec6588,316.8030453,339.2825197,815.323885,0,0,0,1,,,
6c1f5a0b-e3df-42db-ba31-b256a94d799d,662d76a7-a651-4456-9c75-c5f60cec6588,Any,6c1f5a0b-e3df-42db-ba31-b256a94d799d,674.2687734,91.36456037,261.7088618,0,0,0,1,,,
b425185b-e2f3-4a4a-92bd-6e7c58f9855b,6c1f5a0b-e3df-42db-ba31-b256a94d799d,Any,b425185b-e2f3-4a4a-92bd-6e7c58f9855b,526.4082561,570.2579659,326.537616,0,0,0,1,,,
d17b946a-206d-4489-8dbb-3276277096d5,b425185b-e2f3-4a4a-92bd-6e7c58f9855b,Any,d17b946a-206d-4489-8dbb-3276277096d5,606.5339857,893.9281161,798.1393864,0,0,0,1,,,
2515e0f7-ca0c-447e-9a89-f58eb26a97fa,d17b946a-206d-4489-8dbb-3276277096d5,Any,2515e0f7-ca0c-447e-9a89-f58eb26a97fa,158.6636417,719.7066234,711.2625066,0,0,0,1,,,
d44eba08-6a44-44ec-85a1-c4e68cd73c69,2515e0f7-ca0c-447e-9a89-f58eb26a97fa,Any,d44eba08-6a44-44ec-85a1-c4e68cd73c69,244.2727989,407.3689125,193.7683511,0,0,0,1,,,
56ee7ef7-6911-4e96-9351-8807868a1f52,d44eba08-6a44-44ec-85a1-c4e68cd73c69,Any,56ee7ef7-6911-4e96-9351-8807868a1f52,190.0470851,338.6450995,29.53199219,0,0,0,1,,,
aa5cb039-346f-4b37-a9f7-2446713d3d25,d44eba08-6a44-44ec-85a1-c4e68cd73c69,Any,aa5cb039-346f-4b37-a9f7-2446713d3d25,518.2497185,221.456945,515.5074384,0,0,0,1,,,
190f83b9-6a11-4139-89b2-348d4c3ae394,d17b946a-206d-4489-8dbb-3276277096d5,Any,190f83b9-6a11-4139-89b2-348d4c3ae394,756.0543548,531.3405205,27.36653693,0,0,0,1,,,
dd724d8d-665c-452d-b14d-0c71be55c61c,d17b946a-206d-4489-8dbb-3276277096d5,Any,dd724d8d-665c-452d-b14d-0c71be55c61c,587.1319241,514.227488,894.7558612,0,0,0,1,,,
4660941e-7120-46fe-a80d-7cffa20b5361,d44eba08-6a44-44ec-85a1-c4e68cd73c69,Any,4660941e-7120-46fe-a80d-7cffa20b5361,856.1466829,975.9999434,918.5498345,0,0,0,1,,,
536f2864-0c7e-4dd7-afc4-16e15787decc,b425185b-e2f3-4a4a-92bd-6e7c58f9855b,Any,536f2864-0c7e-4dd7-afc4-16e15787decc,624.5089377,933.067646,224.3654955,0,0,0,1,,,
568c36e4-1007-4b34-8eb2-8dcba152c8f4,662d76a7-a651-4456-9c75-c5f60cec6588,Any,568c36e4-1007-4b34-8eb2-8dcba152c8f4,937.6151739,453.3710053,520.1913515,0,0,0,1,,,
e0095dd7-7070-45d7-9db1-3d4375631279,662d76a7-a651-4456-9c75-c5f60cec6588,Any,e0095dd7-7070-45d7-9db1-3d4375631279,986.9816729,339.8542034,58.55332609,0,0,0,1,,,
6d94df49-3428-4acd-bebf-ac741b928f8c,662d76a7-a651-4456-9c75-c5f60cec6588,Any,6d94df49-3428-4acd-bebf-ac741b928f8c,23.79001712,460.1921228,963.780355,0,0,0,1,,,
9d618688-cbe9-475a-9d84-5f040e3c5d99,b425185b-e2f3-4a4a-92bd-6e7c58f9855b,Any,9d618688-cbe9-475a-9d84-5f040e3c5d99,418.7433305,598.5316956,288.5200752,0,0,0,1,,,
6c02935b-2b27-4ca6-a1dd-de9a8091a0d6,662d76a7-a651-4456-9c75-c5f60cec6588,Any,6c02935b-2b27-4ca6-a1dd-de9a8091a0d6,845.8707032,236.567689,4.084546637,0,0,0,1,,,
6b48b26a-cc74-4295-b5d4-9a8d5c3190cb,b425185b-e2f3-4a4a-92bd-6e7c58f9855b,Any,6b48b26a-cc74-4295-b5d4-9a8d5c3190cb,711.5097634,859.1075263,676.4155758,0,0,0,1,,,
af0825b8-e0eb-4342-a80b-87b06891cf22,dd724d8d-665c-452d-b14d-0c71be55c61c,Any,af0825b8-e0eb-4342-a80b-87b06891cf22,89.676762,683.031673,154.5639905,0,0,0,1,,,
77f16e8c-2246-4be4-967b-5c532edfc002,b425185b-e2f3-4a4a-92bd-6e7c58f9855b,Any,77f16e8c-2246-4be4-967b-5c532edfc002,239.9863598,578.1610601,35.51648398,0,0,0,1,,,
c5c10c01-6a3a-44c8-95be-d3854b92c1f5,dd724d8d-665c-452d-b14d-0c71be55c61c,Any,c5c10c01-6a3a-44c8-95be-d3854b92c1f5,336.577414,718.8083369,50.92135816,0,0,0,1,,,
32ae2f27-b18f-4c6d-828d-cf10f8eaf54c,6c02935b-2b27-4ca6-a1dd-de9a8091a0d6,Any,32ae2f27-b18f-4c6d-828d-cf10f8eaf54c,452.2350345,136.348575,460.990053,0,0,0,1,,,
7e3225af-21ea-4a32-9c57-dd011c605d0d,662d76a7-a651-4456-9c75-c5f60cec6588,Any,7e3225af-21ea-4a32-9c57-dd011c605d0d,540.0334003,181.0532462,101.1598905,0,0,0,1,,,
a70d451a-72b3-4032-93a0-97310dd8b547,77f16e8c-2246-4be4-967b-5c532edfc002,Any,a70d451a-72b3-4032-93a0-97310dd8b547,275.921503,153.49244,302.7020019,0,0,0,1,,,
9549edaa-a7cb-4e30-a98b-5b8705f25c24,662d76a7-a651-4456-9c75-c5f60cec6588,Any,9549edaa-a7cb-4e30-a98b-5b8705f25c24,932.8329926,554.0894551,85.28326407,0,0,0,1,,,
19a1a3b4-d744-4dd9-8178-bf1da2810488,9549edaa-a7cb-4e30-a98b-5b8705f25c24,Any,19a1a3b4-d744-4dd9-8178-bf1da2810488,961.354871,400.320781,569.254648,0,0,0,1,,,
8ce91cbe-ae5c-45d5-8a9b-e46d1e174de6,19a1a3b4-d744-4dd9-8178-bf1da2810488,Any,8ce91cbe-ae5c-45d5-8a9b-e46d1e174de6,137.8917408,873.1963352,677.8457239,0,0,0,1,,,
bb0759f9-8b28-4dee-b4b7-2b8bdebd2483,662d76a7-a651-4456-9c75-c5f60cec6588,Any,bb0759f9-8b28-4dee-b4b7-2b8bdebd2483,149.841949,484.878404,257.9018074,0,0,0,1,,,
9a1b6f54-b368-4a93-86b0-36b6325929af,19a1a3b4-d744-4dd9-8178-bf1da2810488,Any,9a1b6f54-b368-4a93-86b0-36b6325929af,670.8242913,294.9127132,394.818332,0,0,0,1,,,
3e41cc66-845f-45f2-a24e-1f37526ba87a,a70d451a-72b3-4032-93a0-97310dd8b547,Any,3e41cc66-845f-45f2-a24e-1f37526ba87a,204.4187759,847.665758,666.5007664,0,0,0,1,,,
0937e766-31ad-4fae-a553-5c7fac862c65,a70d451a-72b3-4032-93a0-97310dd8b547,Any,0937e766-31ad-4fae-a553-5c7fac862c65,278.8731873,496.2662215,434.1658198,0,0,0,1,,,
f95acdd0-fc2b-4c65-8017-096a5492991f,19a1a3b4-d744-4dd9-8178-bf1da2810488,Any,f95acdd0-fc2b-4c65-8017-096a5492991f,76.61477303,371.7332115,879.0935596,0,0,0,1,,,
68a5e9d5-b6f1-4b3b-8989-74472a36228a,662d76a7-a651-4456-9c75-c5f60cec6588,Any,68a5e9d5-b6f1-4b3b-8989-74472a36228a,639.3212683,801.7895995,183.9786751,0,0,0,1,,,
c423f1b0-11f1-4e64-b159-d9a1e85ac7b0,a70d451a-72b3-4032-93a0-97310dd8b547,Any,c423f1b0-11f1-4e64-b159-d9a1e85ac7b0,813.41776,446.3864702,565.3503786,0,0,0,1,,,
9b77a9b2-d0f8-44a3-a738-c932b5342280,c423f1b0-11f1-4e64-b159-d9a1e85ac7b0,Any,9b77a9b2-d0f8-44a3-a738-c932b5342280,788.0555023,908.2403535,511.0492578,0,0,0,1,,,
4535270a-ce9a-48fd-8f39-5fddd4980921,662d76a7-a651-4456-9c75-c5f60cec6588,Any,4535270a-ce9a-48fd-8f39-5fddd4980921,486.7834871,193.7181729,672.6959947,0,0,0,1,,,
6f9a6066-3fe1-4cb7-b4a6-697ac0969875,19a1a3b4-d744-4dd9-8178-bf1da2810488,Any,6f9a6066-3fe1-4cb7-b4a6-697ac0969875,919.2556463,96.19494078,562.7489017,0,0,0,1,,,
c93b376b-2283-47cf-a79c-7bc65c869297,4535270a-ce9a-48fd-8f39-5fddd4980921,Any,c93b376b-2283-47cf-a79c-7bc65c869297,686.8413611,142.8271839,638.087275,0,0,0,1,,,
99cbc758-ad1a-4bde-b558-29c6824023c1,a70d451a-72b3-4032-93a0-97310dd8b547,Any,99cbc758-ad1a-4bde-b558-29c6824023c1,490.9644463,676.7337189,793.9054887,0,0,0,1,,,
2176403f-0e87-4289-ad87-2149f0c98107,c93b376b-2283-47cf-a79c-7bc65c869297,Any,2176403f-0e87-4289-ad87-2149f0c98107,715.7457536,538.5689218,608.6709436,0,0,0,1,,,
8b34d4b0-9801-41e9-a939-d3b932e77cb7,a70d451a-72b3-4032-93a0-97310dd8b547,Any,8b34d4b0-9801-41e9-a939-d3b932e77cb7,720.0585853,59.2315534,319.9415204,0,0,0,1,,,
ebc32c65-c35f-4af5-b45b-e42711f5e7f0,2176403f-0e87-4289-ad87-2149f0c98107,Any,ebc32c65-c35f-4af5-b45b-e42711f5e7f0,745.1925406,728.3574508,57.11294495,0,0,0,1,,,
28ec62de-5501-4fdf-99a0-853a2063362d,4535270a-ce9a-48fd-8f39-5fddd4980921,Any,28ec62de-5501-4fdf-99a0-853a2063362d,637.4553083,786.2334123,286.0178737,0,0,0,1,,,
d5660ba3-99f9-4411-a5d1-ed0f95fb6d09,ebc32c65-c35f-4af5-b45b-e42711f5e7f0,Any,d5660ba3-99f9-4411-a5d1-ed0f95fb6d09,754.6346662,139.6660055,588.1301238,0,0,0,1,,,
40d29a36-9312-4e2d-aa47-be7a89f7f09f,2176403f-0e87-4289-ad87-2149f0c98107,Any,40d29a36-9312-4e2d-aa47-be7a89f7f09f,731.866427,651.0729752,961.0582453,0,0,0,1,,,
eff45c6f-ec27-42a4-a3c4-101b294f2196,4535270a-ce9a-48fd-8f39-5fddd4980921,Any,eff45c6f-ec27-42a4-a3c4-101b294f2196,186.5320942,554.8697291,569.65543,0,0,0,1,,,
a1a5bd25-48c3-40d5-86d5-afcd45879c41,eff45c6f-ec27-42a4-a3c4-101b294f2196,Any,a1a5bd25-48c3-40d5-86d5-afcd45879c41,126.2862123,331.0555311,735.8728804,0,0,0,1,,,
7e3ad4ba-b3da-4d91-bc40-4e12e3e7db8b,40d29a36-9312-4e2d-aa47-be7a89f7f09f,Any,7e3ad4ba-b3da-4d91-bc40-4e12e3e7db8b,429.3832841,74.21422716,92.86669383,0,0,0,1,,,
8d623537-5a72-4650-9bc1-0ce8681cf556,40d29a36-9312-4e2d-aa47-be7a89f7f09f,Any,8d623537-5a72-4650-9bc1-0ce8681cf556,117.8138592,716.4688391,799.644944,0,0,0,1,,,
f9cc0c71-d2ff-49c5-b724-8d3c0ed22a40,662d76a7-a651-4456-9c75-c5f60cec6588,Any,f9cc0c71-d2ff-49c5-b724-8d3c0ed22a40,227.8770816,86.58934841,311.0553807,0,0,0,1,,,
18c3df76-0c78-4f18-8c4e-773db91e0024,662d76a7-a651-4456-9c75-c5f60cec6588,Any,18c3df76-0c78-4f18-8c4e-773db91e0024,163.5423985,741.4936771,993.6488013,0,0,0,1,,,
a8cc7cc9-d051-461d-ad27-15751ea6d705,662d76a7-a651-4456-9c75-c5f60cec6588,Any,a8cc7cc9-d051-461d-ad27-15751ea6d705,315.6483202,11.97194817,334.7725672,0,0,0,1,,,
61c4a8a7-f6b0-4e8a-8628-59134fac38ad,40d29a36-9312-4e2d-aa47-be7a89f7f09f,Any,61c4a8a7-f6b0-4e8a-8628-59134fac38ad,66.62723089,282.1674343,564.7244407,0,0,0,1,,,
7a08a99d-469e-490c-a1ef-24a6ef492b8f,a8cc7cc9-d051-461d-ad27-15751ea6d705,Any,7a08a99d-469e-490c-a1ef-24a6ef492b8f,338.9215062,905.9488541,369.3642372,0,0,0,1,,,
15b479b0-072e-423a-8621-0c2a733d9e3d,662d76a7-a651-4456-9c75-c5f60cec6588,Any,15b479b0-072e-423a-8621-0c2a733d9e3d,833.401173,309.4567664,782.4257594,0,0,0,1,,,
dc0ad2c0-ac4a-465d-bc0e-869f48313974,15b479b0-072e-423a-8621-0c2a733d9e3d,Any,dc0ad2c0-ac4a-465d-bc0e-869f48313974,60.84810841,107.9425122,379.6865439,0,0,0,1,,,
ebe3f02b-be8c-4770-8ae6-96e27508bde7,a1a5bd25-48c3-40d5-86d5-afcd45879c41,Any,ebe3f02b-be8c-4770-8ae6-96e27508bde7,325.5500649,684.8830061,255.0899127,0,0,0,1,,,
89128bbc-2dc9-48d7-b547-4ee369ceb47a,15b479b0-072e-423a-8621-0c2a733d9e3d,Any,89128bbc-2dc9-48d7-b547-4ee369ceb47a,16.55356099,863.9730127,635.1618654,0,0,0,1,,,
ca9743a1-00cd-49d9-bdc4-2ed96f7c62b2,a1a5bd25-48c3-40d5-86d5-afcd45879c41,Any,ca9743a1-00cd-49d9-bdc4-2ed96f7c62b2,120.686528,274.6183979,227.6877022,0,0,0,1,,,
61ca8ac7-8cfa-4559-9c4f-77150a3da9f0,662d76a7-a651-4456-9c75-c5f60cec6588,Any,61ca8ac7-8cfa-4559-9c4f-77150a3da9f0,609.8735417,177.4126974,520.3372046,0,0,0,1,,,
3c6fbbf3-954c-4f27-b266-373a9732b128,ca9743a1-00cd-49d9-bdc4-2ed96f7c62b2,Any,3c6fbbf3-954c-4f27-b266-373a9732b128,114.4216948,814.8555753,626.7409943,0,0,0,1,,,
b6380d47-8131-4b92-8e47-eeab918f0a77,61ca8ac7-8cfa-4559-9c4f-77150a3da9f0,Any,b6380d47-8131-4b92-8e47-eeab918f0a77,932.0288852,507.1905557,99.29537631,0,0,0,1,,,
00b46ce8-822a-453b-b7fb-70e3c87fa36f,b6380d47-8131-4b92-8e47-eeab918f0a77,Any,00b46ce8-822a-453b-b7fb-70e3c87fa36f,946.8316005,188.628719,387.5985006,0,0,0,1,,,
803f3e3a-13e7-44dc-98c9-4fc60dd95e27,61ca8ac7-8cfa-4559-9c4f-77150a3da9f0,Any,803f3e3a-13e7-44dc-98c9-4fc60dd95e27,544.4149472,77.08299043,453.7501272,0,0,0,1,,,
b14c7a9a-c489-4678-9288-592ea970fa39,61ca8ac7-8cfa-4559-9c4f-77150a3da9f0,Any,b14c7a9a-c489-4678-9288-592ea970fa39,475.7878914,947.1046971,597.4726051,0,0,0,1,,,
befe324f-2bd4-4885-85b6-45a0fde8bbf2,00b46ce8-822a-453b-b7fb-70e3c87fa36f,Any,befe324f-2bd4-4885-85b6-45a0fde8bbf2,14.29558048,445.7678666,276.6874223,0,0,0,1,,,
e62a1b19-4bb2-43db-acbc-81f0dba7ba76,61ca8ac7-8cfa-4559-9c4f-77150a3da9f0,Any,e62a1b19-4bb2-43db-acbc-81f0dba7ba76,559.5473559,647.6204603,779.4135949,0,0,0,1,,,
8637f8a7-8e0c-4805-9643-53e95a331352,befe324f-2bd4-4885-85b6-45a0fde8bbf2,Any,8637f8a7-8e0c-4805-9643-53e95a331352,462.7360103,513.8433989,951.956039,0,0,0,1,,,
0924e146-57b1-4119-b344-0c6aa9980293,00b46ce8-822a-453b-b7fb-70e3c87fa36f,Any,0924e146-57b1-4119-b344-0c6aa9980293,780.7163011,437.9158411,156.2454128,0,0,0,1,,,
dabf611f-4e2c-47e3-854d-9c03199c7492,8637f8a7-8e0c-4805-9643-53e95a331352,Any,dabf611f-4e2c-47e3-854d-9c03199c7492,921.4147241,438.8472588,904.3637722,0,0,0,1,,,
408fd115-c332-4d9d-9eac-2df27c106f54,662d76a7-a651-4456-9c75-c5f60cec6588,Any,408fd115-c332-4d9d-9eac-2df27c106f54,360.2791907,338.4873018,901.957188,0,0,0,1,,,
e3919a8f-b594-4fbb-a5d4-111b42f462a6,408fd115-c332-4d9d-9eac-2df27c106f54,Any,e3919a8f-b594-4fbb-a5d4-111b42f462a6,828.3331667,869.4697285,241.1937747,0,0,0,1,,,
85adcc46-32ef-4354-bfab-8bb8059746e6,8637f8a7-8e0c-4805-9643-53e95a331352,Any,85adcc46-32ef-4354-bfab-8bb8059746e6,863.3959018,690.4583645,18.00839283,0,0,0,1,,,
9bfa8ba0-7ac0-4189-a66b-9fb5a9bda99a,e3919a8f-b594-4fbb-a5d4-111b42f462a6,Any,9bfa8ba0-7ac0-4189-a66b-9fb5a9bda99a,355.8779862,500.7305003,830.5724013,0,0,0,1,,,
757a64aa-4ac6-46bf-b9f9-f96c35a6d252,0924e146-57b1-4119-b344-0c6aa9980293,Any,757a64aa-4ac6-46bf-b9f9-f96c35a6d252,267.3327744,318.7335911,579.1492422,0,0,0,1,,,
1e2a7edd-7220-4e84-bfe6-b60e3e77491b,662d76a7-a651-4456-9c75-c5f60cec6588,Any,1e2a7edd-7220-4e84-bfe6-b60e3e77491b,996.8979899,331.7561214,35.22260249,0,0,0,1,,,
b0d02cc9-5900-42a5-8da0-e9488af7b1d3,9bfa8ba0-7ac0-4189-a66b-9fb5a9bda99a,Any,b0d02cc9-5900-42a5-8da0-e9488af7b1d3,373.1174578,68.83181064,898.8112086,0,0,0,1,,,
8ec8250e-500a-4217-b90b-7cf6e71261d4,662d76a7-a651-4456-9c75-c5f60cec6588,Any,8ec8250e-500a-4217-b90b-7cf6e71261d4,391.3473747,876.8308102,178.8266539,0,0,0,1,,,
fa6c5107-d386-431d-9204-305d1a633458,8ec8250e-500a-4217-b90b-7cf6e71261d4,Any,fa6c5107-d386-431d-9204-305d1a633458,26.88242758,600.4226895,987.7013416,0,0,0,1,,,
a99e63dd-05e2-4c57-8836-34d641872aed,757a64aa-4ac6-46bf-b9f9-f96c35a6d252,Any,a99e63dd-05e2-4c57-8836-34d641872aed,301.6922782,465.8913606,906.9868186,0,0,0,1,,,
09af0fb1-40c4-4199-b3dc-112f9a1ddf21,fa6c5107-d386-431d-9204-305d1a633458,Any,09af0fb1-40c4-4199-b3dc-112f9a1ddf21,763.6892867,386.0242743,781.9889204,0,0,0,1,,,
801167fd-860c-4e0c-a419-3345d8f6659d,8ec8250e-500a-4217-b90b-7cf6e71261d4,Any,801167fd-860c-4e0c-a419-3345d8f6659d,140.8709526,372.9452024,559.6149518,0,0,0,1,,,
4f4257f8-0199-474f-9ef9-e56b0c5a76d0,b0d02cc9-5900-42a5-8da0-e9488af7b1d3,Any,4f4257f8-0199-474f-9ef9-e56b0c5a76d0,223.3009316,495.6659585,440.0009092,0,0,0,1,,,
b8b239bb-af2d-4b12-9b5b-de65164c8ee2,b0d02cc9-5900-42a5-8da0-e9488af7b1d3,Any,b8b239bb-af2d-4b12-9b5b-de65164c8ee2,636.4026968,786.3362274,810.9320522,0,0,0,1,,,
606153c3-ad76-4e1d-9d0c-e680b61c07ae,b8b239bb-af2d-4b12-9b5b-de65164c8ee2,Any,606153c3-ad76-4e1d-9d0c-e680b61c07ae,641.2562536,478.8096271,956.3364495,0,0,0,1,,,
3536889c-cb2f-4f85-9c24-eed403920d73,09af0fb1-40c4-4199-b3dc-112f9a1ddf21,Any,3536889c-cb2f-4f85-9c24-eed403920d73,793.1357362,610.1693939,682.5519107,0,0,0,1,,,
4de35bb8-ccaa-47ed-9ae5-648744ea80fd,8ec8250e-500a-4217-b90b-7cf6e71261d4,Any,4de35bb8-ccaa-47ed-9ae5-648744ea80fd,965.6061321,574.0633111,742.4888382,0,0,0,1,,,
16d72629-01a1-4a30-858d-9245d662d316,b8b239bb-af2d-4b12-9b5b-de65164c8ee2,Any,16d72629-01a1-4a30-858d-9245d662d316,179.501587,830.6454069,829.2739126,0,0,0,1,,,
5e513277-f787-4265-a1d6-ef8af0c48692,662d76a7-a651-4456-9c75-c5f60cec6588,Any,5e513277-f787-4265-a1d6-ef8af0c48692,313.7256955,149.2400508,412.5850937,0,0,0,1,,,
49bee3a1-5fdb-4cab-8d66-0ba1462aa732,09af0fb1-40c4-4199-b3dc-112f9a1ddf21,Any,49bee3a1-5fdb-4cab-8d66-0ba1462aa732,184.2984516,168.4245181,79.46844113,0,0,0,1,,,
b0066ee9-727c-406c-a91c-906531b16f37,5e513277-f787-4265-a1d6-ef8af0c48692,Any,b0066ee9-727c-406c-a91c-906531b16f37,477.8577656,607.5089638,988.1584746,0,0,0,1,,,
8ae1d1f1-bd84-47aa-863f-7e48711cc671,09af0fb1-40c4-4199-b3dc-112f9a1ddf21,Any,8ae1d1f1-bd84-47aa-863f-7e48711cc671,511.2738461,864.9931686,13.38149842,0,0,0,1,,,
88c23823-3a9d-4593-b4fa-c4aff8a8db86,8ae1d1f1-bd84-47aa-863f-7e48711cc671,Any,88c23823-3a9d-4593-b4fa-c4aff8a8db86,867.9459687,588.4409726,110.7340636,0,0,0,1,,,
5ebe29ba-056a-4fc5-9fac-690f1ba728a6,5e513277-f787-4265-a1d6-ef8af0c48692,Any,5ebe29ba-056a-4fc5-9fac-690f1ba728a6,488.5344885,935.0475571,108.0184655,0,0,0,1,,,
7eeb6660-1023-4db9-83fb-1af1444fa6fd,662d76a7-a651-4456-9c75-c5f60cec6588,Any,7eeb6660-1023-4db9-83fb-1af1444fa6fd,417.9860764,534.9627619,522.5112183,0,0,0,1,,,
b06538d3-5715-4cbc-916f-517ac63ed44f,8ae1d1f1-bd84-47aa-863f-7e48711cc671,Any,b06538d3-5715-4cbc-916f-517ac63ed44f,88.51573773,389.1405732,6.682309404,0,0,0,1,,,
a692ad0e-b2ce-40ca-ba68-2bb8a3edcdeb,b06538d3-5715-4cbc-916f-517ac63ed44f,Any,a692ad0e-b2ce-40ca-ba68-2bb8a3edcdeb,53.26958221,72.16840557,462.6135892,0,0,0,1,,,
52813502-a809-4120-a18e-837f1e6c2076,662d76a7-a651-4456-9c75-c5f60cec6588,Any,52813502-a809-4120-a18e-837f1e6c2076,138.2423481,387.999642,645.0988471,0,0,0,1,,,
2a7c4a53-fd86-4a2a-9e35-5230df469c66,52813502-a809-4120-a18e-837f1e6c2076,Any,2a7c4a53-fd86-4a2a-9e35-5230df469c66,121.2225197,449.3328325,633.6168512,0,0,0,1,,,
1cf3e2a2-97ff-4d0d-9ae2-c92bc07d2eba,09af0fb1-40c4-4199-b3dc-112f9a1ddf21,Any,1cf3e2a2-97ff-4d0d-9ae2-c92bc07d2eba,278.2162045,711.9713573,848.7884031,0,0,0,1,,,
82dbd647-4261-4177-8738-1008e3a1d386,09af0fb1-40c4-4199-b3dc-112f9a1ddf21,Any,82dbd647-4261-4177-8738-1008e3a1d386,674.8220341,922.2027462,500.5033465,0,0,0,1,,,
318ff4ee-22cf-417a-9b7a-65ad2ba91511,2a7c4a53-fd86-4a2a-9e35-5230df469c66,Any,318ff4ee-22cf-417a-9b7a-65ad2ba91511,522.07196,655.3660123,935.1477518,0,0,0,1,,,
66a83dfc-5404-4dce-827a-e88ab180ff77,662d76a7-a651-4456-9c75-c5f60cec6588,Any,66a83dfc-5404-4dce-827a-e88ab180ff77,970.3970468,902.7994792,325.1997452,0,0,0,1,,,
b0f4a543-aa98-4e66-bfc5-c156169c2d12,b06538d3-5715-4cbc-916f-517ac63ed44f,Any,b0f4a543-aa98-4e66-bfc5-c156169c2d12,339.0846493,184.0277547,872.9701474,0,0,0,1,,,
6628389e-d331-4aef-8e4b-326f328d94f8,2a7c4a53-fd86-4a2a-9e35-5230df469c66,Any,6628389e-d331-4aef-8e4b-326f328d94f8,119.5459459,5.411029748,71.16739668,0,0,0,1,,,
f7370680-28aa-44e1-93fb-cd97ff716d69,2a7c4a53-fd86-4a2a-9e35-5230df469c66,Any,f7370680-28aa-44e1-93fb-cd97ff716d69,852.9975366,165.1890298,843.0687284,0,0,0,1,,,
91587a61-60cd-435b-85d0-15cda4f6b9aa,66a83dfc-5404-4dce-827a-e88ab180ff77,Any,91587a61-60cd-435b-85d0-15cda4f6b9aa,346.7317979,919.0120062,417.721902,0,0,0,1,,,
27635042-4b8a-40f3-96ec-bd00c2e0464c,66a83dfc-5404-4dce-827a-e88ab180ff77,Any,27635042-4b8a-40f3-96ec-bd00c2e0464c,505.1809343,768.1509939,890.8781135,0,0,0,1,,,
6f81ae4a-40d9-4699-89b1-16cfc783fd5c,f7370680-28aa-44e1-93fb-cd97ff716d69,Any,6f81ae4a-40d9-4699-89b1-16cfc783fd5c,585.5795785,104.6178696,986.2146316,0,0,0,1,,,
9ee8b6ab-b0cc-4cd7-b199-b5b47c45768f,f7370680-28aa-44e1-93fb-cd97ff716d69,Any,9ee8b6ab-b0cc-4cd7-b199-b5b47c45768f,635.6554688,686.4170451,235.3576906,0,0,0,1,,,
078818b7-0029-4dd5-9502-9cba3457603a,27635042-4b8a-40f3-96ec-bd00c2e0464c,Any,078818b7-0029-4dd5-9502-9cba3457603a,583.4204652,762.5502447,317.5944035,0,0,0,1,,,
88b026fe-d248-41b6-a7c7-94a57fada6ae,078818b7-0029-4dd5-9502-9cba3457603a,Any,88b026fe-d248-41b6-a7c7-94a57fada6ae,299.8966331,713.7737389,669.0404327,0,0,0,1,,,
4a71c83e-fbd5-4a15-8d40-52d78ca3765a,078818b7-0029-4dd5-9502-9cba3457603a,Any,4a71c83e-fbd5-4a15-8d40-52d78ca3765a,300.2992223,436.9135499,152.1700075,0,0,0,1,,,
b8f97f4a-cdae-490c-9274-6c33871406db,27635042-4b8a-40f3-96ec-bd00c2e0464c,Any,b8f97f4a-cdae-490c-9274-6c33871406db,884.3048391,10.16170504,130.0639241,0,0,0,1,,,
68dfc4f2-40a6-4f34-a17c-4fc87496ccf9,4a71c83e-fbd5-4a15-8d40-52d78ca3765a,Any,68dfc4f2-40a6-4f34-a17c-4fc87496ccf9,966.0334158,310.3722746,865.3942717,0,0,0,1,,,
19ae5e76-fe31-4df3-8f6e-7678d81dd4a2,662d76a7-a651-4456-9c75-c5f60cec6588,Any,19ae5e76-fe31-4df3-8f6e-7678d81dd4a2,354.768351,993.6811835,241.6601819,0,0,0,1,,,
1438ffa3-9e79-4e6a-b387-0039a332c258,4a71c83e-fbd5-4a15-8d40-52d78ca3765a,Any,1438ffa3-9e79-4e6a-b387-0039a332c258,202.1972139,531.4980445,666.6698852,0,0,0,1,,,
1cf66561-ef77-4702-9a38-02b4c979daa4,b8f97f4a-cdae-490c-9274-6c33871406db,Any,1cf66561-ef77-4702-9a38-02b4c979daa4,72.38932455,643.4742592,443.8328205,0,0,0,1,,,
9318525c-76ca-4578-acb8-ce9ab48aec78,27635042-4b8a-40f3-96ec-bd00c2e0464c,Any,9318525c-76ca-4578-acb8-ce9ab48aec78,303.8553484,24.6901477,878.1912751,0,0,0,1,,,
84132153-db7c-4a3c-a991-2ca4da0d2294,27635042-4b8a-40f3-96ec-bd00c2e0464c,Any,84132153-db7c-4a3c-a991-2ca4da0d2294,379.3761945,682.2471909,711.1075831,0,0,0,1,,,
cb33a553-2644-43ec-a78e-cae766f903af,1cf66561-ef77-4702-9a38-02b4c979daa4,Any,cb33a553-2644-43ec-a78e-cae766f903af,27.19180941,436.3873847,589.8388738,0,0,0,1,,,
9a04ebdc-7b20-4410-a90e-a345b695fae2,1cf66561-ef77-4702-9a38-02b4c979daa4,Any,9a04ebdc-7b20-4410-a90e-a345b695fae2,522.1865045,334.3498901,808.8713183,0,0,0,1,,,
ba1e36bc-ff3d-4130-a850-7fb9334fddad,9a04ebdc-7b20-4410-a90e-a345b695fae2,Any,ba1e36bc-ff3d-4130-a850-7fb9334fddad,546.7589034,240.4906541,26.98982136,0,0,0,1,,,
833d9a95-3576-4bb0-b7ef-1685d1ec5977,84132153-db7c-4a3c-a991-2ca4da0d2294,Any,833d9a95-3576-4bb0-b7ef-1685d1ec5977,68.18140126,757.5086926,119.0968299,0,0,0,1,,,
507b78f2-e286-4920-9f10-286bdddcd5d4,27635042-4b8a-40f3-96ec-bd00c2e0464c,Any,507b78f2-e286-4920-9f10-286bdddcd5d4,868.7933971,250.8130899,715.5558977,0,0,0,1,,,
06bc44d1-f5ce-4729-856c-114c17a2e386,19ae5e76-fe31-4df3-8f6e-7678d81dd4a2,Any,06bc44d1-f5ce-4729-856c-114c17a2e386,151.1366925,639.3353182,856.5399222,0,0,0,1,,,
c80849f7-edf4-43f2-82fc-f5ece17a844f,662d76a7-a651-4456-9c75-c5f60cec6588,Any,c80849f7-edf4-43f2-82fc-f5ece17a844f,421.380702,16.77775786,243.3305607,0,0,0,1,,,
fe4bd25d-8f59-446d-953b-de749573150d,9a04ebdc-7b20-4410-a90e-a345b695fae2,Any,fe4bd25d-8f59-446d-953b-de749573150d,692.1372467,447.9332,827.1867697,0,0,0,1,,,
728fecb6-2205-403a-b936-c941b9d133ba,507b78f2-e286-4920-9f10-286bdddcd5d4,Any,728fecb6-2205-403a-b936-c941b9d133ba,946.6256339,166.1125309,361.9735223,0,0,0,1,,,
5301b60e-b3c8-4f3e-9d77-c935697474df,9a04ebdc-7b20-4410-a90e-a345b695fae2,Any,5301b60e-b3c8-4f3e-9d77-c935697474df,708.4431087,391.3334235,653.8144727,0,0,0,1,,,
a6cafbfd-1869-4125-ac05-5b956c703c9f,728fecb6-2205-403a-b936-c941b9d133ba,Any,a6cafbfd-1869-4125-ac05-5b956c703c9f,556.7425681,758.869044,534.7029894,0,0,0,1,,,
41c0fc69-3e93-49b3-8d67-431f7b6fe9ba,06bc44d1-f5ce-4729-856c-114c17a2e386,Any,41c0fc69-3e93-49b3-8d67-431f7b6fe9ba,695.4873336,746.3193363,949.309875,0,0,0,1,,,
fccf99d3-8a2f-4324-be8f-e95b4b3f5d91,c80849f7-edf4-43f2-82fc-f5ece17a844f,Any,fccf99d3-8a2f-4324-be8f-e95b4b3f5d91,881.9274598,822.9146,545.6976265,0,0,0,1,,,
6e4cb96e-2c93-4d96-a6a7-0c8257a38103,c80849f7-edf4-43f2-82fc-f5ece17a844f,Any,6e4cb96e-2c93-4d96-a6a7-0c8257a38103,836.0228495,743.4912922,161.7182472,0,0,0,1,,,
0a12b3b2-31a2-4df9-8372-3c8c89af7373,6e4cb96e-2c93-4d96-a6a7-0c8257a38103,Any,0a12b3b2-31a2-4df9-8372-3c8c89af7373,961.6535272,12.95778719,733.2947545,0,0,0,1,,,
69eb9126-1a84-4238-928b-76f021f1c87e,6e4cb96e-2c93-4d96-a6a7-0c8257a38103,Any,69eb9126-1a84-4238-928b-76f021f1c87e,404.0970958,912.1672178,442.7416406,0,0,0,1,,,
a0fc9c69-c1ad-4f81-892e-4236f8a16864,6e4cb96e-2c93-4d96-a6a7-0c8257a38103,Any,a0fc9c69-c1ad-4f81-892e-4236f8a16864,788.1054759,583.8854395,191.2388727,0,0,0,1,,,
5ad74ae6-b226-403c-85cb-0351a219f544,c80849f7-edf4-43f2-82fc-f5ece17a844f,Any,5ad74ae6-b226-403c-85cb-0351a219f544,968.8971375,407.4720135,478.4970979,0,0,0,1,,,
94276ecf-d080-4622-8f5a-16ee771b02f3,728fecb6-2205-403a-b936-c941b9d133ba,Any,94276ecf-d080-4622-8f5a-16ee771b02f3,264.4814455,377.5581338,889.6057953,0,0,0,1,,,
d6d6706a-778c-4eb7-94af-7a28db67612a,94276ecf-d080-4622-8f5a-16ee771b02f3,Any,d6d6706a-778c-4eb7-94af-7a28db67612a,254.9890583,862.5556608,343.299049,0,0,0,1,,,
e46124c0-f400-4d6f-8636-65707901411b,94276ecf-d080-4622-8f5a-16ee771b02f3,Any,e46124c0-f400-4d6f-8636-65707901411b,315.8707664,425.1112291,683.603844,0,0,0,1,,,
b646ffdc-70e5-4c71-a095-2d7485fc5e17,c80849f7-edf4-43f2-82fc-f5ece17a844f,Any,b646ffdc-70e5-4c71-a095-2d7485fc5e17,368.1121525,829.3701487,324.4128081,0,0,0,1,,,
7e3850d2-fe34-4b90-b7a6-865b6bbc03d2,662d76a7-a651-4456-9c75-c5f60cec6588,Any,7e3850d2-fe34-4b90-b7a6-865b6bbc03d2,383.9108698,121.7267211,513.0647613,0,0,0,1,,,
416613e2-07f6-43d2-b075-c4b43bd8ba04,b646ffdc-70e5-4c71-a095-2d7485fc5e17,Any,416613e2-07f6-43d2-b075-c4b43bd8ba04,279.5909308,39.46156483,887.4319287,0,0,0,1,,,
cccd2f7c-f7e8-4c6e-8357-c06f7b5b407b,728fecb6-2205-403a-b936-c941b9d133ba,Any,cccd2f7c-f7e8-4c6e-8357-c06f7b5b407b,551.6701413,606.1738133,56.96957589,0,0,0,1,,,
1f4b9104-d619-4c79-abaf-b2d82f149315,662d76a7-a651-4456-9c75-c5f60cec6588,Any,1f4b9104-d619-4c79-abaf-b2d82f149315,563.4920085,908.2134828,365.3913274,0,0,0,1,,,
866e58f8-9977-4425-a436-864c0d261fce,416613e2-07f6-43d2-b075-c4b43bd8ba04,Any,866e58f8-9977-4425-a436-864c0d261fce,613.0563625,771.008805,415.504729,0,0,0,1,,,
0c540faf-bd3d-41e5-b7d5-a6e6807ced93,416613e2-07f6-43d2-b075-c4b43bd8ba04,Any,0c540faf-bd3d-41e5-b7d5-a6e6807ced93,418.343079,910.7912039,369.9538804,0,0,0,1,,,
19946651-8e89-4a56-953d-9d2cb8b42069,b646ffdc-70e5-4c71-a095-2d7485fc5e17,Any,19946651-8e89-4a56-953d-9d2cb8b42069,322.3295416,766.7838868,453.7600459,0,0,0,1,,,
72507c89-c19a-49d8-af60-82b8db96fa54,19946651-8e89-4a56-953d-9d2cb8b42069,Any,72507c89-c19a-49d8-af60-82b8db96fa54,784.6213386,182.762483,841.8654828,0,0,0,1,,,
81c4ea7e-0ac7-457e-92a3-39808561c32b,19946651-8e89-4a56-953d-9d2cb8b42069,Any,81c4ea7e-0ac7-457e-92a3-39808561c32b,142.8726985,334.284764,514.9373463,0,0,0,1,,,
8a64d283-aadc-46c8-aafe-cf6da9ad92a5,cccd2f7c-f7e8-4c6e-8357-c06f7b5b407b,Any,8a64d283-aadc-46c8-aafe-cf6da9ad92a5,645.4184191,152.9453443,312.8550671,0,0,0,1,,,
c5c8ae16-e680-4b34-bc0c-2c8cb63c3ca3,81c4ea7e-0ac7-457e-92a3-39808561c32b,Any,c5c8ae16-e680-4b34-bc0c-2c8cb63c3ca3,959.6865511,260.0358662,355.954706,0,0,0,1,,,
c1ce1232-08ec-4ef7-9410-91aa24648ed2,c5c8ae16-e680-4b34-bc0c-2c8cb63c3ca3,Any,c1ce1232-08ec-4ef7-9410-91aa24648ed2,288.2120778,490.0022301,8.830471533,0,0,0,1,,,
a0817491-28be-4fcb-adcc-1ed6dcdfe9c3,662d76a7-a651-4456-9c75-c5f60cec6588,Any,a0817491-28be-4fcb-adcc-1ed6dcdfe9c3,632.6257944,622.8540374,248.8971307,0,0,0,1,,,
efe3521f-def1-40ae-9b4d-794bb30d0350,662d76a7-a651-4456-9c75-c5f60cec6588,Any,efe3521f-def1-40ae-9b4d-794bb30d0350,162.1867597,711.1355011,76.08701891,0,0,0,1,,,
833d1aaf-80c3-46b7-a889-6a3d465e4996,b646ffdc-70e5-4c71-a095-2d7485fc5e17,Any,833d1aaf-80c3-46b7-a889-6a3d465e4996,682.094917,788.9723445,819.333955,0,0,0,1,,,
c668020b-357a-4aa2-b276-f5997aa409ca,efe3521f-def1-40ae-9b4d-794bb30d0350,Any,c668020b-357a-4aa2-b276-f5997aa409ca,182.9878358,14.90410273,282.671315,0,0,0,1,,,
3ada63b0-bee4-46db-84f4-d27a6ea4dac6,662d76a7-a651-4456-9c75-c5f60cec6588,Any,3ada63b0-bee4-46db-84f4-d27a6ea4dac6,622.6152786,757.1758192,942.9362198,0,0,0,1,,,
bcfe112e-f2e9-482a-8062-b310af0f810e,662d76a7-a651-4456-9c75-c5f60cec6588,Any,bcfe112e-f2e9-482a-8062-b310af0f810e,692.546264,431.6845127,611.184058,0,0,0,1,,,
4771b923-accc-46b0-b4df-b9112b2e0de3,833d1aaf-80c3-46b7-a889-6a3d465e4996,Any,4771b923-accc-46b0-b4df-b9112b2e0de3,38.58851624,906.4600108,872.6078894,0,0,0,1,,,
7e1794b1-2611-43b1-93fa-4ed356f0bd7a,c5c8ae16-e680-4b34-bc0c-2c8cb63c3ca3,Any,7e1794b1-2611-43b1-93fa-4ed356f0bd7a,188.491717,518.217791,347.9997112,0,0,0,1,,,
dc02048d-33f5-49a1-984f-8a172777ec2d,c668020b-357a-4aa2-b276-f5997aa409ca,Any,dc02048d-33f5-49a1-984f-8a172777ec2d,209.0056007,946.2977777,831.3413317,0,0,0,1,,,
cc0368c3-9a95-46ab-be7e-ebc6808462c2,bcfe112e-f2e9-482a-8062-b310af0f810e,Any,cc0368c3-9a95-46ab-be7e-ebc6808462c2,943.0976944,153.6621671,776.0169729,0,0,0,1,,,
427627d4-6e7e-4779-aa5e-c98e6105d15e,bcfe112e-f2e9-482a-8062-b310af0f810e,Any,427627d4-6e7e-4779-aa5e-c98e6105d15e,354.2788281,714.7481198,344.8333259,0,0,0,1,,,
b03543e0-c09e-451f-b629-eb1a342b1f09,4771b923-accc-46b0-b4df-b9112b2e0de3,Any,b03543e0-c09e-451f-b629-eb1a342b1f09,655.3196615,31.97469812,632.6229259,0,0,0,1,,,
0c06cc2f-a8e5-47db-ae5a-0ddedc65583c,4771b923-accc-46b0-b4df-b9112b2e0de3,Any,0c06cc2f-a8e5-47db-ae5a-0ddedc65583c,710.3277317,483.1625474,959.2476638,0,0,0,1,,,
a2a1f541-4daf-4e3f-83c7-80288dbe1642,dc02048d-33f5-49a1-984f-8a172777ec2d,Any,a2a1f541-4daf-4e3f-83c7-80288dbe1642,298.0494592,351.5800949,752.6961785,0,0,0,1,,,
265373a0-7b19-4804-8f24-abb71ecd6dbc,0c06cc2f-a8e5-47db-ae5a-0ddedc65583c,Any,265373a0-7b19-4804-8f24-abb71ecd6dbc,759.4910837,153.4835561,379.5205717,0,0,0,1,,,
2253e811-486f-4c00-a1aa-e251271ef88c,bcfe112e-f2e9-482a-8062-b310af0f810e,Any,2253e811-486f-4c00-a1aa-e251271ef88c,555.4189269,994.7002763,388.7363651,0,0,0,1,,,
3cb4fe04-ae71-4490-9173-cd830f40175a,0c06cc2f-a8e5-47db-ae5a-0ddedc65583c,Any,3cb4fe04-ae71-4490-9173-cd830f40175a,844.5425052,522.8136343,455.0357826,0,0,0,1,,,
e1a315a6-8003-4ea2-a649-c7b80b726bb7,bcfe112e-f2e9-482a-8062-b310af0f810e,Any,e1a315a6-8003-4ea2-a649-c7b80b726bb7,457.4603007,547.7875771,473.3484328,0,0,0,1,,,
4c26bf6f-d82e-4653-a916-65c25e892c1a,a2a1f541-4daf-4e3f-83c7-80288dbe1642,Any,4c26bf6f-d82e-4653-a916-65c25e892c1a,669.0891827,869.1503265,488.4520859,0,0,0,1,,,
449cdc8f-7b87-4678-9071-d693e82bb7d8,bcfe112e-f2e9-482a-8062-b310af0f810e,Any,449cdc8f-7b87-4678-9071-d693e82bb7d8,85.36915296,816.8964831,403.6493758,0,0,0,1,,,
b32b008f-c0a2-49c8-8f28-e749b7a8c1b1,4c26bf6f-d82e-4653-a916-65c25e892c1a,Any,b32b008f-c0a2-49c8-8f28-e749b7a8c1b1,532.109741,431.9112295,68.53918817,0,0,0,1,,,
3f865a56-f8de-4b34-b740-24053929be57,dc02048d-33f5-49a1-984f-8a172777ec2d,Any,3f865a56-f8de-4b34-b740-24053929be57,331.0499469,584.9962881,847.9279186,0,0,0,1,,,
59bc9bf6-7732-4582-bbeb-ad75d04915b5,4c26bf6f-d82e-4653-a916-65c25e892c1a,Any,59bc9bf6-7732-4582-bbeb-ad75d04915b5,474.5034272,467.2821157,528.4878197,0,0,0,1,,,
0dcdd0dc-48f8-48be-8123-56380a2a8e5d,dc02048d-33f5-49a1-984f-8a172777ec2d,Any,0dcdd0dc-48f8-48be-8123-56380a2a8e5d,542.9527079,377.3419029,558.6905594,0,0,0,1,,,
af1e523e-9af5-41c1-98b6-6a54325aff55,662d76a7-a651-4456-9c75-c5f60cec6588,Any,af1e523e-9af5-41c1-98b6-6a54325aff55,466.8200496,600.6917402,190.2573192,0,0,0,1,,,
e1ec7faf-9cd1-453c-8a06-ee46a837b472,4c26bf6f-d82e-4653-a916-65c25e892c1a,Any,e1ec7faf-9cd1-453c-8a06-ee46a837b472,147.7904879,106.0126591,442.1936364,0,0,0,1,,,
e48439be-e664-4264-9ab5-3b92060ec3c0,af1e523e-9af5-41c1-98b6-6a54325aff55,Any,e48439be-e664-4264-9ab5-3b92060ec3c0,933.83628,743.0564729,676.6755534,0,0,0,1,,,
ff4192b7-8fee-4c29-a83a-a5532474f181,4c26bf6f-d82e-4653-a916-65c25e892c1a,Any,ff4192b7-8fee-4c29-a83a-a5532474f181,671.2276336,805.4396762,676.2700529,0,0,0,1,,,
5b60bc9f-5b00-4a7c-82ee-fe4f66fe222e,662d76a7-a651-4456-9c75-c5f60cec6588,Any,5b60bc9f-5b00-4a7c-82ee-fe4f66fe222e,298.9297642,573.4826251,606.7906584,0,0,0,1,,,
718f8d07-4fe0-44fd-af59-53ef74c5695b,e48439be-e664-4264-9ab5-3b92060ec3c0,Any,718f8d07-4fe0-44fd-af59-53ef74c5695b,148.2367654,289.01739,386.8584265,0,0,0,1,,,
808ec0e8-82e8-42e5-93ef-3218859bf189,5b60bc9f-5b00-4a7c-82ee-fe4f66fe222e,Any,808ec0e8-82e8-42e5-93ef-3218859bf189,34.87911576,991.4715499,622.1588404,0,0,0,1,,,
e7db13d0-74c6-4e3a-98ff-07f84c4f411b,0dcdd0dc-48f8-48be-8123-56380a2a8e5d,Any,e7db13d0-74c6-4e3a-98ff-07f84c4f411b,84.70672418,577.2809632,437.1082403,0,0,0,1,,,
a59b53d2-45bc-4ece-b5e3-ab62da42dc89,808ec0e8-82e8-42e5-93ef-3218859bf189,Any,a59b53d2-45bc-4ece-b5e3-ab62da42dc89,961.1735309,543.2492538,360.7300938,0,0,0,1,,,
4714e301-369c-4205-92f4-d35af9bd0495,e7db13d0-74c6-4e3a-98ff-07f84c4f411b,Any,4714e301-369c-4205-92f4-d35af9bd0495,734.294241,868.818376,886.015234,0,0,0,1,,,
8de06c98-5f7c-45bf-8305-05c5d8e45ebe,5b60bc9f-5b00-4a7c-82ee-fe4f66fe222e,Any,8de06c98-5f7c-45bf-8305-05c5d8e45ebe,237.385449,963.5441221,238.2919394,0,0,0,1,,,
3ce8d77a-4950-4922-acf3-8fda81c1f758,5b60bc9f-5b00-4a7c-82ee-fe4f66fe222e,Any,3ce8d77a-4950-4922-acf3-8fda81c1f758,30.05817999,86.23205262,129.3584372,0,0,0,1,,,
b7875703-5d1d-4a81-8f6a-0441dcf3bbd2,3ce8d77a-4950-4922-acf3-8fda81c1f758,Any,b7875703-5d1d-4a81-8f6a-0441dcf3bbd2,418.8450159,902.7860227,272.6563671,0,0,0,1,,,
3bdffa08-99cd-4871-91c4-95518fd659bd,b7875703-5d1d-4a81-8f6a-0441dcf3bbd2,Any,3bdffa08-99cd-4871-91c4-95518fd659bd,953.3987841,681.9214783,51.9647927,0,0,0,1,,,
3b5e76de-8d06-4122-ae15-5b4a1368b115,3bdffa08-99cd-4871-91c4-95518fd659bd,Any,3b5e76de-8d06-4122-ae15-5b4a1368b115,39.84177259,340.3839165,597.1756536,0,0,0,1,,,
5062bfa2-7715-4656-afc5-2bf153c90e0b,3bdffa08-99cd-4871-91c4-95518fd659bd,Any,5062bfa2-7715-4656-afc5-2bf153c90e0b,748.3170925,991.3942345,752.6785333,0,0,0,1,,,
b1731501-a7e7-4033-9b44-fc36831fd9f9,3bdffa08-99cd-4871-91c4-95518fd659bd,Any,b1731501-a7e7-4033-9b44-fc36831fd9f9,169.3708375,241.8804993,252.9009011,0,0,0,1,,,
509eb2a4-0800-471b-8e0f-9d49aa89e537,b7875703-5d1d-4a81-8f6a-0441dcf3bbd2,Any,509eb2a4-0800-471b-8e0f-9d49aa89e537,269.3196472,651.7335558,72.20189893,0,0,0,1,,,
a68d96fd-5a11-424c-b698-2f161f2398e3,662d76a7-a651-4456-9c75-c5f60cec6588,Any,a68d96fd-5a11-424c-b698-2f161f2398e3,568.3105262,471.0949527,608.712845,0,0,0,1,,,
872161ac-adb7-4176-8005-27c8aa520590,b7875703-5d1d-4a81-8f6a-0441dcf3bbd2,Any,872161ac-adb7-4176-8005-27c8aa520590,954.8144033,775.7387884,289.6961543,0,0,0,1,,,
4a40172b-bd3e-4cb8-a709-b2d416db90f8,872161ac-adb7-4176-8005-27c8aa520590,Any,4a40172b-bd3e-4cb8-a709-b2d416db90f8,985.6560668,688.6844812,181.07841,0,0,0,1,,,
b8821295-6328-41fd-a496-39a26c640474,4a40172b-bd3e-4cb8-a709-b2d416db90f8,Any,b8821295-6328-41fd-a496-39a26c640474,575.0660222,420.790816,399.0848588,0,0,0,1,,,
3028470f-47bd-49f7-8472-c258f5008676,4a40172b-bd3e-4cb8-a709-b2d416db90f8,Any,3028470f-47bd-49f7-8472-c258f5008676,359.8401913,302.0528285,438.3557369,0,0,0,1,,,
4349af43-555d-49a4-bc09-73f4e67c9fc3,a68d96fd-5a11-424c-b698-2f161f2398e3,Any,4349af43-555d-49a4-bc09-73f4e67c9fc3,400.1558117,89.3320214,573.1822404,0,0,0,1,,,
c81484be-5b3e-43ba-8339-f06fa956c515,a68d96fd-5a11-424c-b698-2f161f2398e3,Any,c81484be-5b3e-43ba-8339-f06fa956c515,164.7654586,768.5523402,61.96529179,0,0,0,1,,,
1ff1ab22-a869-43dc-b284-6ac086747e29,872161ac-adb7-4176-8005-27c8aa520590,Any,1ff1ab22-a869-43dc-b284-6ac086747e29,29.30418962,947.5505481,663.6165655,0,0,0,1,,,
a6606430-f99f-4c08-832a-c0c5c32fc031,1ff1ab22-a869-43dc-b284-6ac086747e29,Any,a6606430-f99f-4c08-832a-c0c5c32fc031,60.40504349,639.2632603,246.675531,0,0,0,1,,,
8a76e618-3e27-4cff-bd5e-4a0c25eb9dde,1ff1ab22-a869-43dc-b284-6ac086747e29,Any,8a76e618-3e27-4cff-bd5e-4a0c25eb9dde,160.7162106,180.7483221,566.346452,0,0,0,1,,,
aa42da2a-22ac-4f15-a888-ac92622873bb,a68d96fd-5a11-424c-b698-2f161f2398e3,Any,aa42da2a-22ac-4f15-a888-ac92622873bb,459.6336489,339.8881454,415.0533341,0,0,0,1,,,
a458fb6d-be4d-408d-86a7-6417aacc165c,aa42da2a-22ac-4f15-a888-ac92622873bb,Any,a458fb6d-be4d-408d-86a7-6417aacc165c,860.9235672,765.2018165,199.5452618,0,0,0,1,,,
e8e5af06-aa06-45d5-9055-f2102772f8f5,a68d96fd-5a11-424c-b698-2f161f2398e3,Any,e8e5af06-aa06-45d5-9055-f2102772f8f5,801.3372541,755.2108262,898.5583484,0,0,0,1,,,
bba78f0b-ad74-4e6a-9b74-f95624c54303,1ff1ab22-a869-43dc-b284-6ac086747e29,Any,bba78f0b-ad74-4e6a-9b74-f95624c54303,668.0412308,574.1231272,887.6570976,0,0,0,1,,,
7b883221-0f39-43d0-a405-a44784e5dc38,e8e5af06-aa06-45d5-9055-f2102772f8f5,Any,7b883221-0f39-43d0-a405-a44784e5dc38,291.7447656,423.6833812,605.7951689,0,0,0,1,,,
f045ba92-e8ba-4cad-8f8c-cc6ce6d9aa90,e8e5af06-aa06-45d5-9055-f2102772f8f5,Any,f045ba92-e8ba-4cad-8f8c-cc6ce6d9aa90,625.6510052,749.6924335,716.5891424,0,0,0,1,,,
6b53c1a9-1cf3-4166-a032-07dfaa999fb8,662d76a7-a651-4456-9c75-c5f60cec6588,Any,6b53c1a9-1cf3-4166-a032-07dfaa999fb8,607.2757105,98.88200156,749.3725419,0,0,0,1,,,
187ae1b0-55e9-402f-8174-896f59ac2de5,872161ac-adb7-4176-8005-27c8aa520590,Any,187ae1b0-55e9-402f-8174-896f59ac2de5,175.9280419,628.8530279,629.8786526,0,0,0,1,,,
46877209-198e-4879-b63f-216dd7c5a018,f045ba92-e8ba-4cad-8f8c-cc6ce6d9aa90,Any,46877209-198e-4879-b63f-216dd7c5a018,839.2582344,520.8879964,11.21828563,0,0,0,1,,,
f6afc81b-96ad-4986-b644-4ab093aa4730,662d76a7-a651-4456-9c75-c5f60cec6588,Any,f6afc81b-96ad-4986-b644-4ab093aa4730,846.1202737,139.0687434,86.60176433,0,0,0,1,,,
d3904f35-0e50-435f-a056-dfbc01d53d43,187ae1b0-55e9-402f-8174-896f59ac2de5,Any,d3904f35-0e50-435f-a056-dfbc01d53d43,428.246324,76.22800928,825.0877124,0,0,0,1,,,
d91aaef8-01cb-45fc-ba73-3e7b1837e9e9,f6afc81b-96ad-4986-b644-4ab093aa4730,Any,d91aaef8-01cb-45fc-ba73-3e7b1837e9e9,687.0243093,159.2240786,911.4828663,0,0,0,1,,,
e2f23b62-d22c-48d4-8171-22ee9037372c,f6afc81b-96ad-4986-b644-4ab093aa4730,Any,e2f23b62-d22c-48d4-8171-22ee9037372c,159.9829798,313.5319901,4.220320337,0,0,0,1,,,
57e7c990-608a-4c37-bbcc-4812309e8bee,f6afc81b-96ad-4986-b644-4ab093aa4730,Any,57e7c990-608a-4c37-bbcc-4812309e8bee,682.8945957,607.6624079,40.67199967,0,0,0,1,,,
5394ef42-5dbd-40d7-9859-f60ca1640baf,f6afc81b-96ad-4986-b644-4ab093aa4730,Any,5394ef42-5dbd-40d7-9859-f60ca1640baf,361.5380701,245.1089869,269.3167123,0,0,0,1,,,
d58173f4-e62c-4510-8996-d251904fdfbd,f045ba92-e8ba-4cad-8f8c-cc6ce6d9aa90,Any,d58173f4-e62c-4510-8996-d251904fdfbd,883.6723431,405.1507444,195.1185044,0,0,0,1,,,
9edd48b4-7c56-499c-ba51-7ed3f9069044,5394ef42-5dbd-40d7-9859-f60ca1640baf,Any,9edd48b4-7c56-499c-ba51-7ed3f9069044,379.0237974,780.4627831,576.77101,0,0,0,1,,,
96bb8049-9721-412c-8a8c-23f024867687,d58173f4-e62c-4510-8996-d251904fdfbd,Any,96bb8049-9721-412c-8a8c-23f024867687,162.1524188,87.38504152,463.7945148,0,0,0,1,,,
16971442-13d7-48a8-ad18-f347faca01f9,662d76a7-a651-4456-9c75-c5f60cec6588,Any,16971442-13d7-48a8-ad18-f347faca01f9,218.2308517,550.1159096,522.4655374,0,0,0,1,,,
29460113-80e8-44ba-8ea8-4db4aadbca1f,16971442-13d7-48a8-ad18-f347faca01f9,Any,29460113-80e8-44ba-8ea8-4db4aadbca1f,140.3754718,355.5987479,802.2937347,0,0,0,1,,,
c575d581-1c97-46d9-b427-8d4c45373913,16971442-13d7-48a8-ad18-f347faca01f9,Any,c575d581-1c97-46d9-b427-8d4c45373913,312.8521331,638.2649354,999.6569882,0,0,0,1,,,
e325b3e1-7182-4fdb-82f7-5cf5fd3026c6,9edd48b4-7c56-499c-ba51-7ed3f9069044,Any,e325b3e1-7182-4fdb-82f7-5cf5fd3026c6,896.166718,404.813582,214.5420388,0,0,0,1,,,
773ec50d-5e10-4112-ba5c-74bfa84b9652,9edd48b4-7c56-499c-ba51-7ed3f9069044,Any,773ec50d-5e10-4112-ba5c-74bfa84b9652,459.3636941,438.0738511,727.9941665,0,0,0,1,,,
1d81db55-3b17-4960-99dc-c3be61395775,9edd48b4-7c56-499c-ba51-7ed3f9069044,Any,1d81db55-3b17-4960-99dc-c3be61395775,86.41964302,402.9310733,330.7394537,0,0,0,1,,,
64471e45-1ec8-4cb8-915a-3274744584b3,9edd48b4-7c56-499c-ba51-7ed3f9069044,Any,64471e45-1ec8-4cb8-915a-3274744584b3,568.6096484,808.0269609,721.944146,0,0,0,1,,,
5003105d-3ec0-4f12-89cd-48ed9c6b6889,64471e45-1ec8-4cb8-915a-3274744584b3,Any,5003105d-3ec0-4f12-89cd-48ed9c6b6889,510.4022568,283.8061054,42.01663354,0,0,0,1,,,
54d8c61f-0c27-4c9a-bddc-08b814b94766,5003105d-3ec0-4f12-89cd-48ed9c6b6889,Any,54d8c61f-0c27-4c9a-bddc-08b814b94766,725.8483501,193.5045845,74.09893767,0,0,0,1,,,
c3e3f4d8-2719-406e-b075-65bcaa6103b6,662d76a7-a651-4456-9c75-c5f60cec6588,Any,c3e3f4d8-2719-406e-b075-65bcaa6103b6,744.8886664,93.94633284,574.2252095,0,0,0,1,,,
e55500b0-ce34-4c27-86a5-4a9b19c2a7ea,9edd48b4-7c56-499c-ba51-7ed3f9069044,Any,e55500b0-ce34-4c27-86a5-4a9b19c2a7ea,580.2464356,184.5242669,833.0444688,0,0,0,1,,,
166183b7-826a-45c0-b5a7-5d1a3a986f7a,9edd48b4-7c56-499c-ba51-7ed3f9069044,Any,166183b7-826a-45c0-b5a7-5d1a3a986f7a,607.5751995,933.6941104,817.7051581,0,0,0,1,,,
af0a7ec2-049a-4278-b296-c64491dd6c96,662d76a7-a651-4456-9c75-c5f60cec6588,Any,af0a7ec2-049a-4278-b296-c64491dd6c96,273.6420939,859.1710111,567.269848,0,0,0,1,,,
a9e52e76-eb12-4be1-bea7-37a6cd852b83,5003105d-3ec0-4f12-89cd-48ed9c6b6889,Any,a9e52e76-eb12-4be1-bea7-37a6cd852b83,648.6822903,370.0791021,460.1734567,0,0,0,1,,,
ddf9d699-9994-4f60-8b79-bd2d3cc44487,5003105d-3ec0-4f12-89cd-48ed9c6b6889,Any,ddf9d699-9994-4f60-8b79-bd2d3cc44487,506.4801923,922.6008126,497.4015381,0,0,0,1,,,
9b304a09-9428-4a43-aea6-1fd4bbf88539,af0a7ec2-049a-4278-b296-c64491dd6c96,Any,9b304a09-9428-4a43-aea6-1fd4bbf88539,17.6670868,397.9621115,106.9851552,0,0,0,1,,,
54b76c2b-86a8-416c-ad2f-5403eccc71f9,5003105d-3ec0-4f12-89cd-48ed9c6b6889,Any,54b76c2b-86a8-416c-ad2f-5403eccc71f9,312.8053903,859.0299838,3.5423393,0,0,0,1,,,
c2b1da51-77c1-4585-8040-7a6764217fb5,9edd48b4-7c56-499c-ba51-7ed3f9069044,Any,c2b1da51-77c1-4585-8040-7a6764217fb5,655.1164611,353.7570032,875.380908,0,0,0,1,,,
96f8d5f4-7859-45e0-af02-f78bfa8ff643,9b304a09-9428-4a43-aea6-1fd4bbf88539,Any,96f8d5f4-7859-45e0-af02-f78bfa8ff643,746.6005554,10.8303943,758.6702045,0,0,0,1,,,
120bea4d-31e3-4179-82f6-9323646df2c5,662d76a7-a651-4456-9c75-c5f60cec6588,Any,120bea4d-31e3-4179-82f6-9323646df2c5,184.2601364,772.5127618,154.9395793,0,0,0,1,,,
a70a72b6-2927-4abc-b7f5-ee892ef9b822,c2b1da51-77c1-4585-8040-7a6764217fb5,Any,a70a72b6-2927-4abc-b7f5-ee892ef9b822,201.3191608,141.2401163,334.8649036,0,0,0,1,,,
2cb5c8fa-02c4-47a6-887b-9b7c213ee17e,9b304a09-9428-4a43-aea6-1fd4bbf88539,Any,2cb5c8fa-02c4-47a6-887b-9b7c213ee17e,425.3340508,245.9216403,583.3594089,0,0,0,1,,,
44668847-9af1-45f0-8169-c4c6fb5861be,2cb5c8fa-02c4-47a6-887b-9b7c213ee17e,Any,44668847-9af1-45f0-8169-c4c6fb5861be,708.9629986,895.8054988,803.2590665,0,0,0,1,,,
bd9bafab-0bc6-45e1-853b-30fb12425134,44668847-9af1-45f0-8169-c4c6fb5861be,Any,bd9bafab-0bc6-45e1-853b-30fb12425134,80.80903419,12.45929346,620.8182212,0,0,0,1,,,
8d8d4b5a-a766-47c6-8d5a-1db5cbbad115,662d76a7-a651-4456-9c75-c5f60cec6588,Any,8d8d4b5a-a766-47c6-8d5a-1db5cbbad115,33.99255053,487.3772068,653.1810874,0,0,0,1,,,
5c1eac48-9b85-4ceb-b5a3-72a53ac577a1,8d8d4b5a-a766-47c6-8d5a-1db5cbbad115,Any,5c1eac48-9b85-4ceb-b5a3-72a53ac577a1,534.1155156,613.0920239,301.0721625,0,0,0,1,,,
517b06b3-4d22-4b7d-97ac-86f993089636,8d8d4b5a-a766-47c6-8d5a-1db5cbbad115,Any,517b06b3-4d22-4b7d-97ac-86f993089636,57.78065974,626.8825575,503.096177,0,0,0,1,,,
483ccddf-be98-4c0e-a1e4-7b0fb2473767,44668847-9af1-45f0-8169-c4c6fb5861be,Any,483ccddf-be98-4c0e-a1e4-7b0fb2473767,12.13238389,427.2015683,585.0165028,0,0,0,1,,,
6604d2e9-b6cc-4a91-9075-1fb445847954,2cb5c8fa-02c4-47a6-887b-9b7c213ee17e,Any,6604d2e9-b6cc-4a91-9075-1fb445847954,808.3029986,916.1725156,9.260993068,0,0,0,1,,,
4aaa7a48-1d86-4028-9e82-d2a97582d185,662d76a7-a651-4456-9c75-c5f60cec6588,Any,4aaa7a48-1d86-4028-9e82-d2a97582d185,16.95585197,243.7969073,598.1973492,0,0,0,1,,,
821aad9c-74df-4766-837c-14008d5aee15,517b06b3-4d22-4b7d-97ac-86f993089636,Any,821aad9c-74df-4766-837c-14008d5aee15,660.85591,835.7833807,967.3050248,0,0,0,1,,,
2d7e8a85-7d84-47fd-a059-9d80394e79c3,4aaa7a48-1d86-4028-9e82-d2a97582d185,Any,2d7e8a85-7d84-47fd-a059-9d80394e79c3,317.641997,412.0464386,79.54454364,0,0,0,1,,,
2bbf5eef-c140-4ce1-a7d7-c3bad8beec37,4aaa7a48-1d86-4028-9e82-d2a97582d185,Any,2bbf5eef-c140-4ce1-a7d7-c3bad8beec37,224.4148664,411.9167878,889.5030837,0,0,0,1,,,
c84642d3-b15b-4f79-93c5-dcfef318cdb4,662d76a7-a651-4456-9c75-c5f60cec6588,Any,c84642d3-b15b-4f79-93c5-dcfef318cdb4,92.46430973,403.982459,382.6046972,0,0,0,1,,,
14339a02-8711-4a43-8c15-f3b64ab57930,483ccddf-be98-4c0e-a1e4-7b0fb2473767,Any,14339a02-8711-4a43-8c15-f3b64ab57930,421.858517,196.354637,643.4991045,0,0,0,1,,,
89adf0ad-1e94-41a8-a9f5-c433acf72baa,c84642d3-b15b-4f79-93c5-dcfef318cdb4,Any,89adf0ad-1e94-41a8-a9f5-c433acf72baa,193.8044567,489.2935832,8.970313778,0,0,0,1,,,
f873112e-b1d8-4f9b-81bd-65a836c1a844,6604d2e9-b6cc-4a91-9075-1fb445847954,Any,f873112e-b1d8-4f9b-81bd-65a836c1a844,995.3267702,893.871775,511.5476211,0,0,0,1,,,
ccc8a463-de59-4479-9dfd-7d9f80a45a9a,821aad9c-74df-4766-837c-14008d5aee15,Any,ccc8a463-de59-4479-9dfd-7d9f80a45a9a,367.7963926,550.0290645,810.7220079,0,0,0,1,,,
c4665d3b-f605-4c13-8c08-3f55ca4cc742,662d76a7-a651-4456-9c75-c5f60cec6588,Any,c4665d3b-f605-4c13-8c08-3f55ca4cc742,871.35024,133.2502037,463.4201888,0,0,0,1,,,
ae6c44c6-a867-448d-9dd9-5dafaeb0a6ed,ccc8a463-de59-4479-9dfd-7d9f80a45a9a,Any,ae6c44c6-a867-448d-9dd9-5dafaeb0a6ed,947.6825901,68.59113987,937.2136223,0,0,0,1,,,
86f5ab94-c6df-4bd8-a9a2-26598af2e3e0,89adf0ad-1e94-41a8-a9f5-c433acf72baa,Any,86f5ab94-c6df-4bd8-a9a2-26598af2e3e0,310.7166997,588.2176307,899.0494994,0,0,0,1,,,
055a2d38-6a79-4901-9977-24ff2578e445,ae6c44c6-a867-448d-9dd9-5dafaeb0a6ed,Any,055a2d38-6a79-4901-9977-24ff2578e445,531.778618,355.5096657,188.6594749,0,0,0,1,,,
cd3413a8-bce3-41e5-ac3f-408a4b1bde53,ae6c44c6-a867-448d-9dd9-5dafaeb0a6ed,Any,cd3413a8-bce3-41e5-ac3f-408a4b1bde53,460.7949168,687.386124,235.8304066,0,0,0,1,,,
4e31a287-9188-495e-8970-d78348b7abad,89adf0ad-1e94-41a8-a9f5-c433acf72baa,Any,4e31a287-9188-495e-8970-d78348b7abad,942.3096374,975.6518036,874.851892,0,0,0,1,,,
a37f3ad4-53ff-4a00-a86e-5e350a7d4d76,662d76a7-a651-4456-9c75-c5f60cec6588,Any,a37f3ad4-53ff-4a00-a86e-5e350a7d4d76,310.7602153,214.6600707,670.3734435,0,0,0,1,,,
21f8078a-4c3f-4ad9-94a2-bbba6066939f,4e31a287-9188-495e-8970-d78348b7abad,Any,21f8078a-4c3f-4ad9-94a2-bbba6066939f,938.241983,95.08802408,795.2617442,0,0,0,1,,,
2e6b73c9-86d1-43d3-b09e-0414bc1e55a7,89adf0ad-1e94-41a8-a9f5-c433acf72baa,Any,2e6b73c9-86d1-43d3-b09e-0414bc1e55a7,878.9624016,890.1618597,736.5613435,0,0,0,1,,,
fd474c5f-8e2b-4115-9089-2cb0a407efff,ae6c44c6-a867-448d-9dd9-5dafaeb0a6ed,Any,fd474c5f-8e2b-4115-9089-2cb0a407efff,925.8095913,226.277801,413.4694867,0,0,0,1,,,
c847cafd-1b36-46cc-b78d-b04377d335b9,ae6c44c6-a867-448d-9dd9-5dafaeb0a6ed,Any,c847cafd-1b36-46cc-b78d-b04377d335b9,344.7506484,406.3667761,835.3290094,0,0,0,1,,,
3da58b2d-a280-4a37-97ee-22da52b6002e,2e6b73c9-86d1-43d3-b09e-0414bc1e55a7,Any,3da58b2d-a280-4a37-97ee-22da52b6002e,307.5987772,381.5417046,343.5441961,0,0,0,1,,,
3999fde1-928f-4ae6-91b0-2b9b938a6f77,2e6b73c9-86d1-43d3-b09e-0414bc1e55a7,Any,3999fde1-928f-4ae6-91b0-2b9b938a6f77,454.2685995,27.0423029,494.9014959,0,0,0,1,,,
fdad254a-6bb1-4d77-b99d-4add16808f7e,a37f3ad4-53ff-4a00-a86e-5e350a7d4d76,Any,fdad254a-6bb1-4d77-b99d-4add16808f7e,972.1596683,195.6874276,900.5477478,0,0,0,1,,,
4bdba453-5a57-4f21-97b1-4dc042efa394,3999fde1-928f-4ae6-91b0-2b9b938a6f77,Any,4bdba453-5a57-4f21-97b1-4dc042efa394,74.41558539,745.6450401,833.1714847,0,0,0,1,,,
bbb0a9e4-227f-4157-80cd-cb453c559bdd,2e6b73c9-86d1-43d3-b09e-0414bc1e55a7,Any,bbb0a9e4-227f-4157-80cd-cb453c559bdd,409.2428586,479.5470291,700.3446717,0,0,0,1,,,
5a553e82-d9e6-4edb-962d-62553179d237,bbb0a9e4-227f-4157-80cd-cb453c559bdd,Any,5a553e82-d9e6-4edb-962d-62553179d237,983.3032563,296.2344709,874.5898578,0,0,0,1,,,
ec7544b3-ee74-4732-89b4-4f775b5ed998,662d76a7-a651-4456-9c75-c5f60cec6588,Any,ec7544b3-ee74-4732-89b4-4f775b5ed998,53.02526111,785.1600491,472.0218474,0,0,0,1,,,
0051a969-dea5-4d15-9937-ddb1064216fe,bbb0a9e4-227f-4157-80cd-cb453c559bdd,Any,0051a969-dea5-4d15-9937-ddb1064216fe,486.5064764,71.35695551,228.9107801,0,0,0,1,,,
0d55f027-5ab8-4690-8784-4a0d9a564af7,bbb0a9e4-227f-4157-80cd-cb453c559bdd,Any,0d55f027-5ab8-4690-8784-4a0d9a564af7,595.4228066,241.4536741,213.8945722,0,0,0,1,,,
58598485-f277-4334-b4e3-b1b0fcef829d,fdad254a-6bb1-4d77-b99d-4add16808f7e,Any,58598485-f277-4334-b4e3-b1b0fcef829d,581.7122227,800.9275079,400.5356007,0,0,0,1,,,
4e07ea07-1918-4e8d-b2c0-11b306fcd9b0,fdad254a-6bb1-4d77-b99d-4add16808f7e,Any,4e07ea07-1918-4e8d-b2c0-11b306fcd9b0,2.499516444,636.9090333,19.42516393,0,0,0,1,,,
bb99b6f6-fef7-4408-ab19-eab35378c082,662d76a7-a651-4456-9c75-c5f60cec6588,Any,bb99b6f6-fef7-4408-ab19-eab35378c082,288.3207032,523.6942242,791.3345578,0,0,0,1,,,
d47daad2-1917-44ea-bee7-2837f1778604,662d76a7-a651-4456-9c75-c5f60cec6588,Any,d47daad2-1917-44ea-bee7-2837f1778604,568.5302578,164.8224853,320.3049717,0,0,0,1,,,
e14b220f-6a4d-4a6a-9941-568aab6c7841,d47daad2-1917-44ea-bee7-2837f1778604,Any,e14b220f-6a4d-4a6a-9941-568aab6c7841,832.3357091,954.6275761,587.9130329,0,0,0,1,,,
c126cba3-fefe-417f-bb10-74dd67094588,d47daad2-1917-44ea-bee7-2837f1778604,Any,c126cba3-fefe-417f-bb10-74dd67094588,554.7322473,361.3421995,658.2110353,0,0,0,1,,,
0d87b31d-3820-4857-be87-b26db25d6a43,d47daad2-1917-44ea-bee7-2837f1778604,Any,0d87b31d-3820-4857-be87-b26db25d6a43,520.4896722,466.1811354,867.2680163,0,0,0,1,,,
d5b50b97-c13f-42ee-86b7-61766e84eafa,662d76a7-a651-4456-9c75-c5f60cec6588,Any,d5b50b97-c13f-42ee-86b7-61766e84eafa,686.6701779,510.9080041,434.0366297,0,0,0,1,,,
05650cc7-d2b0-424d-a4f1-de17807fde65,bbb0a9e4-227f-4157-80cd-cb453c559bdd,Any,05650cc7-d2b0-424d-a4f1-de17807fde65,858.3800606,260.3662665,32.64728618,0,0,0,1,,,
622fe2eb-c899-438a-87c1-87473ea29a43,05650cc7-d2b0-424d-a4f1-de17807fde65,Any,622fe2eb-c899-438a-87c1-87473ea29a43,886.3596968,251.8660769,922.2988417,0,0,0,1,,,
9ed3fa32-55df-4af8-9666-bc5a478890cc,662d76a7-a651-4456-9c75-c5f60cec6588,Any,9ed3fa32-55df-4af8-9666-bc5a478890cc,984.525356,309.032599,862.3753926,0,0,0,1,,,
1bf38270-184c-4be1-b508-14b4b9843b6c,bbb0a9e4-227f-4157-80cd-cb453c559bdd,Any,1bf38270-184c-4be1-b508-14b4b9843b6c,739.786728,562.1820514,825.9853154,0,0,0,1,,,
6463f8f3-2cf7-45b8-9f61-d9f6d8ab9fc3,9ed3fa32-55df-4af8-9666-bc5a478890cc,Any,6463f8f3-2cf7-45b8-9f61-d9f6d8ab9fc3,302.5841659,217.0966892,134.2191017,0,0,0,1,,,
9ed144e4-5cd4-4c5a-8525-4c125cb95069,bbb0a9e4-227f-4157-80cd-cb453c559bdd,Any,9ed144e4-5cd4-4c5a-8525-4c125cb95069,489.9169753,592.8814116,160.8756297,0,0,0,1,,,
c1c8fdd3-e72f-4fcd-9256-ae6a2fd4657f,bbb0a9e4-227f-4157-80cd-cb453c559bdd,Any,c1c8fdd3-e72f-4fcd-9256-ae6a2fd4657f,708.5131267,836.433573,53.14435458,0,0,0,1,,,
db664389-981f-4cab-8a5f-43210663b223,c1c8fdd3-e72f-4fcd-9256-ae6a2fd4657f,Any,db664389-981f-4cab-8a5f-43210663b223,702.354556,500.6186579,297.935432,0,0,0,1,,,
eb55d8f7-dd63-4089-99b9-044ff8d44cf0,9ed3fa32-55df-4af8-9666-bc5a478890cc,Any,eb55d8f7-dd63-4089-99b9-044ff8d44cf0,436.6307933,337.9300951,292.491552,0,0,0,1,,,
bab49a80-22af-4a1f-b700-753c085ece1d,c1c8fdd3-e72f-4fcd-9256-ae6a2fd4657f,Any,bab49a80-22af-4a1f-b700-753c085ece1d,412.7364582,91.3588944,258.430716,0,0,0,1,,,
53706cd6-6e86-4072-811e-3fe38cd2d0d0,662d76a7-a651-4456-9c75-c5f60cec6588,Any,53706cd6-6e86-4072-811e-3fe38cd2d0d0,422.3484527,505.8092328,332.091391,0,0,0,1,,,
d864b996-4855-4c64-93b4-d2926822a6b5,eb55d8f7-dd63-4089-99b9-044ff8d44cf0,Any,d864b996-4855-4c64-93b4-d2926822a6b5,683.7079866,971.6803872,311.6080538,0,0,0,1,,,
11ea235e-1f1d-42db-bce3-bb8a8d809420,d864b996-4855-4c64-93b4-d2926822a6b5,Any,11ea235e-1f1d-42db-bce3-bb8a8d809420,485.9314007,566.4932167,174.2244573,0,0,0,1,,,
7ae09f6d-9df9-4933-8dc6-b09ad75896b4,53706cd6-6e86-4072-811e-3fe38cd2d0d0,Any,7ae09f6d-9df9-4933-8dc6-b09ad75896b4,973.1150196,585.917803,345.7733926,0,0,0,1,,,
7769f045-554b-4a35-8454-4a56511c2940,c1c8fdd3-e72f-4fcd-9256-ae6a2fd4657f,Any,7769f045-554b-4a35-8454-4a56511c2940,91.75028263,108.2556048,687.7419197,0,0,0,1,,,
4aa24423-2a63-4745-9ec6-57337c3990b0,d864b996-4855-4c64-93b4-d2926822a6b5,Any,4aa24423-2a63-4745-9ec6-57337c3990b0,700.9558442,41.75016789,538.0104266,0,0,0,1,,,
d433980c-136e-4995-9ff1-705bbf00d193,53706cd6-6e86-4072-811e-3fe38cd2d0d0,Any,d433980c-136e-4995-9ff1-705bbf00d193,556.3108087,618.0341251,976.6809057,0,0,0,1,,,
272f755c-a33c-4547-b220-afdc3a932117,4aa24423-2a63-4745-9ec6-57337c3990b0,Any,272f755c-a33c-4547-b220-afdc3a932117,651.8317878,591.1420567,908.4427649,0,0,0,1,,,
9fb0eccd-5aa4-4c39-b8b6-61b67b5419f7,4aa24423-2a63-4745-9ec6-57337c3990b0,Any,9fb0eccd-5aa4-4c39-b8b6-61b67b5419f7,226.8161045,569.0602901,164.433773,0,0,0,1,,,
9da89cae-2a09-4db3-a479-e7d48b720fcd,9fb0eccd-5aa4-4c39-b8b6-61b67b5419f7,Any,9da89cae-2a09-4db3-a479-e7d48b720fcd,838.4346864,967.6210284,393.591635,0,0,0,1,,,
7ba37c41-32a8-4f86-a155-2a4b341319a1,662d76a7-a651-4456-9c75-c5f60cec6588,Any,7ba37c41-32a8-4f86-a155-2a4b341319a1,954.0775148,731.3767865,562.6393885,0,0,0,1,,,
ab397a88-58a6-4dce-a2a4-e12faa09989d,4aa24423-2a63-4745-9ec6-57337c3990b0,Any,ab397a88-58a6-4dce-a2a4-e12faa09989d,815.4236105,669.6740182,418.8006725,0,0,0,1,,,
d0d62de9-4f3a-443a-b999-9128b711d93f,4aa24423-2a63-4745-9ec6-57337c3990b0,Any,d0d62de9-4f3a-443a-b999-9128b711d93f,172.6200069,557.9272855,154.7449352,0,0,0,1,,,
eb935964-f55b-4c82-a414-97838cab6786,d433980c-136e-4995-9ff1-705bbf00d193,Any,eb935964-f55b-4c82-a414-97838cab6786,707.7981039,507.6827987,898.1704199,0,0,0,1,,,
09b2d8db-7929-4a8b-bf7b-84f686708973,d0d62de9-4f3a-443a-b999-9128b711d93f,Any,09b2d8db-7929-4a8b-bf7b-84f686708973,675.2395788,48.68903585,220.8765476,0,0,0,1,,,
247d54a1-2cdc-4e4e-b4eb-8435c5ec5ac0,4aa24423-2a63-4745-9ec6-57337c3990b0,Any,247d54a1-2cdc-4e4e-b4eb-8435c5ec5ac0,730.3132674,67.03421372,943.8991676,0,0,0,1,,,
1c4127bb-02ba-4dc9-a47e-cc6fad69bee8,662d76a7-a651-4456-9c75-c5f60cec6588,Any,1c4127bb-02ba-4dc9-a47e-cc6fad69bee8,280.7993328,861.6315137,790.4496362,0,0,0,1,,,
167037c5-f4d3-4fb4-81e8-daa48d1420e6,662d76a7-a651-4456-9c75-c5f60cec6588,Any,167037c5-f4d3-4fb4-81e8-daa48d1420e6,638.6219495,388.2504197,466.1379587,0,0,0,1,,,
3cdcd160-207d-428b-9851-004ca814d4a9,662d76a7-a651-4456-9c75-c5f60cec6588,Any,3cdcd160-207d-428b-9851-004ca814d4a9,637.1139262,260.470206,153.3253137,0,0,0,1,,,
888559a8-6209-48b3-9696-d764e3edcb5b,3cdcd160-207d-428b-9851-004ca814d4a9,Any,888559a8-6209-48b3-9696-d764e3edcb5b,392.4408269,288.7929669,834.4932353,0,0,0,1,,,
7fbd3443-a6c3-4775-8175-5477ae0c2400,662d76a7-a651-4456-9c75-c5f60cec6588,Any,7fbd3443-a6c3-4775-8175-5477ae0c2400,960.0640781,749.9645803,948.49524,0,0,0,1,,,
01361507-1744-4d04-888c-92cc2eaecc09,4aa24423-2a63-4745-9ec6-57337c3990b0,Any,01361507-1744-4d04-888c-92cc2eaecc09,233.281098,317.9156202,889.9294495,0,0,0,1,,,
8f1aa594-83e7-4009-b02d-718861e23bbf,01361507-1744-4d04-888c-92cc2eaecc09,Any,8f1aa594-83e7-4009-b02d-718861e23bbf,992.5743178,640.0528686,615.8335415,0,0,0,1,,,
615245df-ae99-49b1-a67f-38bd2ff21932,eb935964-f55b-4c82-a414-97838cab6786,Any,615245df-ae99-49b1-a67f-38bd2ff21932,230.0829664,599.7412277,470.5435834,0,0,0,1,,,
c521423b-8ed5-4140-9b20-a00f056d5ea6,662d76a7-a651-4456-9c75-c5f60cec6588,Any,c521423b-8ed5-4140-9b20-a00f056d5ea6,772.1349184,857.357386,411.4313845,0,0,0,1,,,
543c6dea-b25c-4e30-a2b8-1283f7d1217e,888559a8-6209-48b3-9696-d764e3edcb5b,Any,543c6dea-b25c-4e30-a2b8-1283f7d1217e,6.996292419,961.0243797,188.4380687,0,0,0,1,,,
e74255cd-491e-4b24-a8d9-410451bc7a9f,c521423b-8ed5-4140-9b20-a00f056d5ea6,Any,e74255cd-491e-4b24-a8d9-410451bc7a9f,364.5148203,579.1883578,300.3946186,0,0,0,1,,,
a8621931-1c8b-4101-beef-0aecc09dc601,e74255cd-491e-4b24-a8d9-410451bc7a9f,Any,a8621931-1c8b-4101-beef-0aecc09dc601,325.7725255,321.323394,350.6209216,0,0,0,1,,,
72b93420-7410-41f4-9b58-6cbd723816d9,662d76a7-a651-4456-9c75-c5f60cec6588,Any,72b93420-7410-41f4-9b58-6cbd723816d9,492.7526249,186.523738,784.7736599,0,0,0,1,,,
03ba3fb6-76e7-472a-9843-f7fe499338c2,01361507-1744-4d04-888c-92cc2eaecc09,Any,03ba3fb6-76e7-472a-9843-f7fe499338c2,877.1897548,211.4021357,79.13851735,0,0,0,1,,,
5a9b2956-483d-49e4-92dd-21bb95dc921c,01361507-1744-4d04-888c-92cc2eaecc09,Any,5a9b2956-483d-49e4-92dd-21bb95dc921c,150.5376699,894.0593995,401.0136171,0,0,0,1,,,
9fd64cb4-214a-4413-92f5-ca6b5fad4538,a8621931-1c8b-4101-beef-0aecc09dc601,Any,9fd64cb4-214a-4413-92f5-ca6b5fad4538,217.2700531,600.4040457,191.8606252,0,0,0,1,,,
134aea35-6d53-47f7-9509-d39d90174f1e,a8621931-1c8b-4101-beef-0aecc09dc601,Any,134aea35-6d53-47f7-9509-d39d90174f1e,364.8431485,517.5803754,29.58218957,0,0,0,1,,,
5dcbef87-b846-46ec-a3bc-a20ab2a65e96,01361507-1744-4d04-888c-92cc2eaecc09,Any,5dcbef87-b846-46ec-a3bc-a20ab2a65e96,211.9583889,875.3703577,853.1076309,0,0,0,1,,,
85866047-1349-4824-b131-a982f9769b24,a8621931-1c8b-4101-beef-0aecc09dc601,Any,85866047-1349-4824-b131-a982f9769b24,4.71978321,98.17383381,575.4705119,0,0,0,1,,,
384857f4-9dac-4442-b72f-57df1690f498,72b93420-7410-41f4-9b58-6cbd723816d9,Any,384857f4-9dac-4442-b72f-57df1690f498,895.8263798,647.0898392,565.1375123,0,0,0,1,,,
4394b03d-848c-4ebb-a73e-9ee93c12706e,384857f4-9dac-4442-b72f-57df1690f498,Any,4394b03d-848c-4ebb-a73e-9ee93c12706e,41.25492736,497.1263071,165.1679843,0,0,0,1,,,
4d389363-b6c4-4828-9a74-fb7441616b2f,72b93420-7410-41f4-9b58-6cbd723816d9,Any,4d389363-b6c4-4828-9a74-fb7441616b2f,46.65329963,446.4881925,258.0380361,0,0,0,1,,,
ff87ddfa-ee9a-4917-bdf3-afd61eaf02c1,662d76a7-a651-4456-9c75-c5f60cec6588,Any,ff87ddfa-ee9a-4917-bdf3-afd61eaf02c1,909.0015568,760.4074114,54.72889165,0,0,0,1,,,
02183c01-e259-4d15-b839-a84619e00acb,ff87ddfa-ee9a-4917-bdf3-afd61eaf02c1,Any,02183c01-e259-4d15-b839-a84619e00acb,251.8464027,704.5792466,893.5611455,0,0,0,1,,,
89bcb1e9-5321-42bd-833d-0e7e79ca222a,85866047-1349-4824-b131-a982f9769b24,Any,89bcb1e9-5321-42bd-833d-0e7e79ca222a,687.5180309,204.2327344,288.9069833,0,0,0,1,,,
b245efee-04ca-4df5-956b-1fe3a25ab1ef,662d76a7-a651-4456-9c75-c5f60cec6588,Any,b245efee-04ca-4df5-956b-1fe3a25ab1ef,887.0691299,990.6898911,314.354396,0,0,0,1,,,
799b41ae-7c18-4db1-9a2c-b3744d4af27c,4394b03d-848c-4ebb-a73e-9ee93c12706e,Any,799b41ae-7c18-4db1-9a2c-b3744d4af27c,528.0453425,893.6692988,156.4169037,0,0,0,1,,,
75a8e704-d25f-46ea-810d-6da54b1aa656,799b41ae-7c18-4db1-9a2c-b3744d4af27c,Any,75a8e704-d25f-46ea-810d-6da54b1aa656,524.7443969,224.6037778,618.0541448,0,0,0,1,,,
8893e1a1-a2ca-4cee-8446-419a3549a735,662d76a7-a651-4456-9c75-c5f60cec6588,Any,8893e1a1-a2ca-4cee-8446-419a3549a735,371.3853342,730.8672751,909.0912176,0,0,0,1,,,
ac6d0d43-9f24-4639-8e80-483f8acbd6fe,02183c01-e259-4d15-b839-a84619e00acb,Any,ac6d0d43-9f24-4639-8e80-483f8acbd6fe,444.7072647,820.9150478,929.0119364,0,0,0,1,,,
23860237-6c60-44fa-817f-b986c40da380,799b41ae-7c18-4db1-9a2c-b3744d4af27c,Any,23860237-6c60-44fa-817f-b986c40da380,553.1987811,255.738804,578.956248,0,0,0,1,,,
f17d05d6-8a2b-444c-b842-7f56424b8b70,ac6d0d43-9f24-4639-8e80-483f8acbd6fe,Any,f17d05d6-8a2b-444c-b842-7f56424b8b70,749.6218924,677.8726766,763.7390683,0,0,0,1,,,
af3eeb4e-7f7f-4606-9081-2dfc800370ed,f17d05d6-8a2b-444c-b842-7f56424b8b70,Any,af3eeb4e-7f7f-4606-9081-2dfc800370ed,716.6672796,174.3520371,456.6826154,0,0,0,1,,,
42550b35-abd9-4a95-988e-591ecb10dc01,af3eeb4e-7f7f-4606-9081-2dfc800370ed,Any,42550b35-abd9-4a95-988e-591ecb10dc01,368.5918308,674.9083738,654.7852024,0,0,0,1,,,
71b1746b-7f87-413d-90b7-bde34ed362cd,8893e1a1-a2ca-4cee-8446-419a3549a735,Any,71b1746b-7f87-413d-90b7-bde34ed362cd,833.1688097,313.9024425,146.7751944,0,0,0,1,,,
e30f5667-63b9-4481-b329-f90c0dc3d310,662d76a7-a651-4456-9c75-c5f60cec6588,Any,e30f5667-63b9-4481-b329-f90c0dc3d310,112.4954386,34.65224831,971.2714757,0,0,0,1,,,
04cdd1bf-1f83-4695-9cbe-a05d8db20779,71b1746b-7f87-413d-90b7-bde34ed362cd,Any,04cdd1bf-1f83-4695-9cbe-a05d8db20779,172.5484684,379.5428099,301.9312868,0,0,0,1,,,
a7564aa9-2e60-4529-8282-35ef7b45b75b,e30f5667-63b9-4481-b329-f90c0dc3d310,Any,a7564aa9-2e60-4529-8282-35ef7b45b75b,26.41386973,187.1886457,577.7047119,0,0,0,1,,,
adcc4f97-8e4c-49f8-a38e-0fc6ef616bb5,04cdd1bf-1f83-4695-9cbe-a05d8db20779,Any,adcc4f97-8e4c-49f8-a38e-0fc6ef616bb5,759.9453757,597.2741077,467.1689232,0,0,0,1,,,
5d4d1bd0-54e8-4380-b20e-7390676fb255,a7564aa9-2e60-4529-8282-35ef7b45b75b,Any,5d4d1bd0-54e8-4380-b20e-7390676fb255,226.6533108,806.9574471,464.0993736,0,0,0,1,,,
fc25b151-d4b9-4189-96fb-4eb0f31b7864,e30f5667-63b9-4481-b329-f90c0dc3d310,Any,fc25b151-d4b9-4189-96fb-4eb0f31b7864,856.6214373,660.3998793,217.99218,0,0,0,1,,,
5122c98c-e9d4-4420-8c30-6cea872ce1dc,af3eeb4e-7f7f-4606-9081-2dfc800370ed,Any,5122c98c-e9d4-4420-8c30-6cea872ce1dc,12.60508715,29.4868124,705.574234,0,0,0,1,,,
91f12bac-100d-47c0-b27b-7d202b7f7c83,adcc4f97-8e4c-49f8-a38e-0fc6ef616bb5,Any,91f12bac-100d-47c0-b27b-7d202b7f7c83,832.8194812,342.8410587,118.6273828,0,0,0,1,,,
24313609-cec2-4c62-9424-bf9329743c43,e30f5667-63b9-4481-b329-f90c0dc3d310,Any,24313609-cec2-4c62-9424-bf9329743c43,999.0543406,596.8391609,289.6412767,0,0,0,1,,,
61db9d7a-fc5c-4206-8428-7f4bb7e6e776,adcc4f97-8e4c-49f8-a38e-0fc6ef616bb5,Any,61db9d7a-fc5c-4206-8428-7f4bb7e6e776,907.3702045,164.2317306,119.9478635,0,0,0,1,,,
70a37843-04b2-4084-ab35-565c7acf90a1,5d4d1bd0-54e8-4380-b20e-7390676fb255,Any,70a37843-04b2-4084-ab35-565c7acf90a1,880.2522889,861.5141015,77.21587736,0,0,0,1,,,
a74d4b16-5d51-4ddb-9d87-0914a498829e,662d76a7-a651-4456-9c75-c5f60cec6588,Any,a74d4b16-5d51-4ddb-9d87-0914a498829e,113.6861626,331.7163443,806.5643728,0,0,0,1,,,
d62c14d7-e723-49d5-87b0-8986ee0f109b,5d4d1bd0-54e8-4380-b20e-7390676fb255,Any,d62c14d7-e723-49d5-87b0-8986ee0f109b,760.4317421,778.8149546,675.8291447,0,0,0,1,,,
83b926bc-9c49-4375-ac65-22eef23928b2,662d76a7-a651-4456-9c75-c5f60cec6588,Any,83b926bc-9c49-4375-ac65-22eef23928b2,245.501078,885.4627908,566.7635417,0,0,0,1,,,
57843e29-c0b9-4f4b-bcc1-8e987039efc5,61db9d7a-fc5c-4206-8428-7f4bb7e6e776,Any,57843e29-c0b9-4f4b-bcc1-8e987039efc5,831.2552467,11.38058814,678.6512248,0,0,0,1,,,
d30031be-0c13-425b-9a7c-b5c8ed8e6bf7,5d4d1bd0-54e8-4380-b20e-7390676fb255,Any,d30031be-0c13-425b-9a7c-b5c8ed8e6bf7,27.08874857,189.9840854,423.2960009,0,0,0,1,,,
b85d338f-1e0e-4ece-aad1-19e126885081,d30031be-0c13-425b-9a7c-b5c8ed8e6bf7,Any,b85d338f-1e0e-4ece-aad1-19e126885081,83.5118602,652.9446848,945.4068484,0,0,0,1,,,
502ba6f2-603c-416a-bd16-c3097282a63c,5d4d1bd0-54e8-4380-b20e-7390676fb255,Any,502ba6f2-603c-416a-bd16-c3097282a63c,143.526706,120.7870741,143.8849134,0,0,0,1,,,
c475c3df-0821-4934-ae11-98aba2a15883,5d4d1bd0-54e8-4380-b20e-7390676fb255,Any,c475c3df-0821-4934-ae11-98aba2a15883,717.4522385,725.7501708,495.8596595,0,0,0,1,,,
93686b28-f2a0-4aa3-9b08-d5b48b35a88c,83b926bc-9c49-4375-ac65-22eef23928b2,Any,93686b28-f2a0-4aa3-9b08-d5b48b35a88c,168.6254889,938.3209149,485.4105532,0,0,0,1,,,
61667e21-373b-4cf4-9026-59d400e7d3f3,c475c3df-0821-4934-ae11-98aba2a15883,Any,61667e21-373b-4cf4-9026-59d400e7d3f3,53.94624481,41.43133142,354.2663864,0,0,0,1,,,
c7637d39-901c-45a3-99ec-999609e82c8a,5d4d1bd0-54e8-4380-b20e-7390676fb255,Any,c7637d39-901c-45a3-99ec-999609e82c8a,352.8406796,281.2372626,992.0874728,0,0,0,1,,,
384bc4da-b306-402e-9491-dc84b3720fd9,93686b28-f2a0-4aa3-9b08-d5b48b35a88c,Any,384bc4da-b306-402e-9491-dc84b3720fd9,367.0256197,42.55134507,137.1433608,0,0,0,1,,,
69745d86-1cfe-46c1-97a9-450794753a10,384bc4da-b306-402e-9491-dc84b3720fd9,Any,69745d86-1cfe-46c1-97a9-450794753a10,203.8626984,117.6393503,403.0065217,0,0,0,1,,,
71ddf846-5f9b-43c0-8950-016ca1160721,61667e21-373b-4cf4-9026-59d400e7d3f3,Any,71ddf846-5f9b-43c0-8950-016ca1160721,710.7424254,779.1488626,321.9228223,0,0,0,1,,,
215c14b5-ab72-4ef5-bef7-e594afd7a1f1,93686b28-f2a0-4aa3-9b08-d5b48b35a88c,Any,215c14b5-ab72-4ef5-bef7-e594afd7a1f1,126.5112043,189.4645873,154.2027285,0,0,0,1,,,
ea2925f0-3a72-4037-849a-61869b93fa07,61667e21-373b-4cf4-9026-59d400e7d3f3,Any,ea2925f0-3a72-4037-849a-61869b93fa07,534.4105086,196.0656666,342.3329955,0,0,0,1,,,
e7c21ee7-bdb4-46db-927a-750afff3e261,83b926bc-9c49-4375-ac65-22eef23928b2,Any,e7c21ee7-bdb4-46db-927a-750afff3e261,53.87884708,162.4897016,209.9803413,0,0,0,1,,,
2404dc63-c9e1-4981-83c5-88f331824d13,61667e21-373b-4cf4-9026-59d400e7d3f3,Any,2404dc63-c9e1-4981-83c5-88f331824d13,301.7748334,518.1293084,235.3008134,0,0,0,1,,,
840b01a0-8e78-4cec-ad4d-3378defa94f5,83b926bc-9c49-4375-ac65-22eef23928b2,Any,840b01a0-8e78-4cec-ad4d-3378defa94f5,222.2165633,553.258401,449.7248063,0,0,0,1,,,
b756eb71-c80b-4c9a-a1cb-850277f89687,662d76a7-a651-4456-9c75-c5f60cec6588,Any,b756eb71-c80b-4c9a-a1cb-850277f89687,211.3167957,322.843214,169.1878134,0,0,0,1,,,
c7c81002-800d-4c98-b55d-961a71301567,662d76a7-a651-4456-9c75-c5f60cec6588,Any,c7c81002-800d-4c98-b55d-961a71301567,680.5726162,172.4539084,617.8278492,0,0,0,1,,,
efc3d65b-1f33-4fa0-8d9e-ad56d68704d9,840b01a0-8e78-4cec-ad4d-3378defa94f5,Any,efc3d65b-1f33-4fa0-8d9e-ad56d68704d9,888.5592424,181.1132862,564.0260299,0,0,0,1,,,
f6744756-c56d-4fb9-ba05-b8c09fff46ea,662d76a7-a651-4456-9c75-c5f60cec6588,Any,f6744756-c56d-4fb9-ba05-b8c09fff46ea,141.7282198,475.3344373,637.5421172,0,0,0,1,,,
e1bec8aa-d5a2-4b0b-a2d2-658a35d34a0f,61667e21-373b-4cf4-9026-59d400e7d3f3,Any,e1bec8aa-d5a2-4b0b-a2d2-658a35d34a0f,953.0204488,633.2641981,946.9781402,0,0,0,1,,,
5d302dad-2ff3-45b1-ad3c-1c353c16d9af,662d76a7-a651-4456-9c75-c5f60cec6588,Any,5d302dad-2ff3-45b1-ad3c-1c353c16d9af,73.52543718,998.9991526,53.67662256,0,0,0,1,,,
b1a86232-c5d3-4609-8388-ffb9caf9a95c,840b01a0-8e78-4cec-ad4d-3378defa94f5,Any,b1a86232-c5d3-4609-8388-ffb9caf9a95c,70.99288496,618.1749846,29.57498466,0,0,0,1,,,
256887be-6c2e-401f-af31-72a871bd34b5,5d302dad-2ff3-45b1-ad3c-1c353c16d9af,Any,256887be-6c2e-401f-af31-72a871bd34b5,272.3430663,751.9306698,453.6596377,0,0,0,1,,,
b0843e20-022c-4f90-bae0-c371780f9473,69745d86-1cfe-46c1-97a9-450794753a10,Any,b0843e20-022c-4f90-bae0-c371780f9473,309.0555674,749.973027,684.7316252,0,0,0,1,,,
c9d8a0c3-bf4d-4b18-871a-3efbaf60d34d,b1a86232-c5d3-4609-8388-ffb9caf9a95c,Any,c9d8a0c3-bf4d-4b18-871a-3efbaf60d34d,248.3317948,299.3400663,252.8303002,0,0,0,1,,,
5689fd09-e8ac-4a01-980a-db67c93db2d9,662d76a7-a651-4456-9c75-c5f60cec6588,Any,5689fd09-e8ac-4a01-980a-db67c93db2d9,404.330379,261.0670053,472.0614886,0,0,0,1,,,
1b9cf3dd-4faa-47b0-8d17-2191a21c2c9b,662d76a7-a651-4456-9c75-c5f60cec6588,Any,1b9cf3dd-4faa-47b0-8d17-2191a21c2c9b,97.95128694,61.53930728,871.2522856,0,0,0,1,,,
e416cfc2-ab06-4e7e-ae71-1e4dc0af6221,1b9cf3dd-4faa-47b0-8d17-2191a21c2c9b,Any,e416cfc2-ab06-4e7e-ae71-1e4dc0af6221,464.9863359,302.5625279,732.2608423,0,0,0,1,,,
1d6307ae-b96b-46e5-95a8-20063de6204a,b1a86232-c5d3-4609-8388-ffb9caf9a95c,Any,1d6307ae-b96b-46e5-95a8-20063de6204a,38.44411469,110.890801,201.4333653,0,0,0,1,,,
8e2bd6fc-2a3b-467f-b0e7-8a41befa8d4e,1b9cf3dd-4faa-47b0-8d17-2191a21c2c9b,Any,8e2bd6fc-2a3b-467f-b0e7-8a41befa8d4e,449.7584443,279.4514403,152.9118499,0,0,0,1,,,
2f211ddd-9512-4567-9619-bf2e20ba06e6,662d76a7-a651-4456-9c75-c5f60cec6588,Any,2f211ddd-9512-4567-9619-bf2e20ba06e6,376.5002358,229.6634899,654.3614429,0,0,0,1,,,
bc658e04-1931-46f8-ad1d-01ee8b890931,b1a86232-c5d3-4609-8388-ffb9caf9a95c,Any,bc658e04-1931-46f8-ad1d-01ee8b890931,270.1092601,224.5114899,201.0985396,0,0,0,1,,,
0cbb088b-ee1d-479a-bcdd-8d5febec0cd2,662d76a7-a651-4456-9c75-c5f60cec6588,Any,0cbb088b-ee1d-479a-bcdd-8d5febec0cd2,727.4788532,924.3383084,764.6995714,0,0,0,1,,,
e95e1ffd-1567-4246-96b8-11b552e24bd6,b0843e20-022c-4f90-bae0-c371780f9473,Any,e95e1ffd-1567-4246-96b8-11b552e24bd6,158.7726401,424.921307,648.0797756,0,0,0,1,,,
23ea90b2-69bc-4377-a8cd-55cb624f7828,b1a86232-c5d3-4609-8388-ffb9caf9a95c,Any,23ea90b2-69bc-4377-a8cd-55cb624f7828,354.577973,784.0364085,746.9185202,0,0,0,1,,,
63fa5285-602a-4f71-b2c9-2d0954fe2558,b1a86232-c5d3-4609-8388-ffb9caf9a95c,Any,63fa5285-602a-4f71-b2c9-2d0954fe2558,924.6644246,598.1906326,665.7777962,0,0,0,1,,,
1ca4ebe4-0d79-43dd-bfe1-808e96df8ed0,63fa5285-602a-4f71-b2c9-2d0954fe2558,Any,1ca4ebe4-0d79-43dd-bfe1-808e96df8ed0,596.1745751,510.5817685,188.6906852,0,0,0,1,,,
fd99c454-3a29-4e0c-8d20-835dbfb711d2,662d76a7-a651-4456-9c75-c5f60cec6588,Any,fd99c454-3a29-4e0c-8d20-835dbfb711d2,630.5424169,594.5031478,709.1785088,0,0,0,1,,,
b7a3c30c-60ce-4350-8125-12f54973e77c,8e2bd6fc-2a3b-467f-b0e7-8a41befa8d4e,Any,b7a3c30c-60ce-4350-8125-12f54973e77c,745.192341,397.3824344,775.183486,0,0,0,1,,,
b313807b-73aa-4aba-b7f5-9d07c369c2f6,1ca4ebe4-0d79-43dd-bfe1-808e96df8ed0,Any,b313807b-73aa-4aba-b7f5-9d07c369c2f6,67.88714515,884.9907258,889.4420246,0,0,0,1,,,
8e1a5cfb-a496-4c59-9481-a1f3eab1a5c2,8e2bd6fc-2a3b-467f-b0e7-8a41befa8d4e,Any,8e1a5cfb-a496-4c59-9481-a1f3eab1a5c2,248.9792762,688.6484324,961.7113504,0,0,0,1,,,
12bf4de7-d2d5-47a6-b556-132cbac4c74a,1ca4ebe4-0d79-43dd-bfe1-808e96df8ed0,Any,12bf4de7-d2d5-47a6-b556-132cbac4c74a,716.7659785,756.9633384,728.5636731,0,0,0,1,,,
74af3f55-c9c5-48bc-afde-a6ddc9f2a1ce,1ca4ebe4-0d79-43dd-bfe1-808e96df8ed0,Any,74af3f55-c9c5-48bc-afde-a6ddc9f2a1ce,563.2523463,739.7906235,994.8476586,0,0,0,1,,,
59d73598-b748-4089-9016-aa718c53f991,8e2bd6fc-2a3b-467f-b0e7-8a41befa8d4e,Any,59d73598-b748-4089-9016-aa718c53f991,449.6504874,347.0162514,210.4371666,0,0,0,1,,,
ab04870e-10d6-4031-8a6b-06f810db9712,8e2bd6fc-2a3b-467f-b0e7-8a41befa8d4e,Any,ab04870e-10d6-4031-8a6b-06f810db9712,78.49689157,198.6525722,879.9748377,0,0,0,1,,,
44deba91-8ae3-4221-94cf-14d205e3c521,63fa5285-602a-4f71-b2c9-2d0954fe2558,Any,44deba91-8ae3-4221-94cf-14d205e3c521,550.7158341,539.1242734,365.0605298,0,0,0,1,,,
07ac960b-d24e-4d02-a856-392f277f079e,8e2bd6fc-2a3b-467f-b0e7-8a41befa8d4e,Any,07ac960b-d24e-4d02-a856-392f277f079e,338.7755796,230.4177208,546.6604059,0,0,0,1,,,
09707bf1-738e-41dd-ab1e-39b2a4d05a38,44deba91-8ae3-4221-94cf-14d205e3c521,Any,09707bf1-738e-41dd-ab1e-39b2a4d05a38,456.0842193,469.7457247,628.0228213,0,0,0,1,,,
c5f59a92-9e74-40a0-bd64-b8a16c2067fe,662d76a7-a651-4456-9c75-c5f60cec6588,Any,c5f59a92-9e74-40a0-bd64-b8a16c2067fe,24.5101936,676.5016842,165.6509949,0,0,0,1,,,
ca11c486-f3c1-4f8f-b1e8-f81dcf4c2e6b,63fa5285-602a-4f71-b2c9-2d0954fe2558,Any,ca11c486-f3c1-4f8f-b1e8-f81dcf4c2e6b,170.6272194,147.4394874,997.9436366,0,0,0,1,,,
5f65aa9d-24e5-4707-bf48-96c22df5c693,662d76a7-a651-4456-9c75-c5f60cec6588,Any,5f65aa9d-24e5-4707-bf48-96c22df5c693,905.2813553,40.74667607,553.0644185,0,0,0,1,,,
22b1bf36-bbd0-4720-be77-5d434dfeef92,ca11c486-f3c1-4f8f-b1e8-f81dcf4c2e6b,Any,22b1bf36-bbd0-4720-be77-5d434dfeef92,701.8763669,183.7197741,679.9266107,0,0,0,1,,,
b63661a6-6947-4c4e-b079-e4e18f028e7f,662d76a7-a651-4456-9c75-c5f60cec6588,Any,b63661a6-6947-4c4e-b079-e4e18f028e7f,963.0100507,815.4116294,520.9504896,0,0,0,1,,,
0caa361b-d034-4fb1-a2c0-d573ac9fcdaf,8e2bd6fc-2a3b-467f-b0e7-8a41befa8d4e,Any,0caa361b-d034-4fb1-a2c0-d573ac9fcdaf,522.3634817,824.0972592,410.4876911,0,0,0,1,,,
ed437940-3892-41f7-b9c0-498cc32f9f81,8e2bd6fc-2a3b-467f-b0e7-8a41befa8d4e,Any,ed437940-3892-41f7-b9c0-498cc32f9f81,661.8796753,411.1417417,334.9504542,0,0,0,1,,,
036ba457-e2b9-413e-a5e6-cc32a26e6a0f,ca11c486-f3c1-4f8f-b1e8-f81dcf4c2e6b,Any,036ba457-e2b9-413e-a5e6-cc32a26e6a0f,168.0182247,672.0489162,797.3186642,0,0,0,1,,,
0c598344-49b9-4330-9440-3ffeaf3a0e6e,ed437940-3892-41f7-b9c0-498cc32f9f81,Any,0c598344-49b9-4330-9440-3ffeaf3a0e6e,805.1478701,805.444163,348.2089038,0,0,0,1,,,
d1fa6d40-7391-4dd6-8f06-263a0ed5392c,8e2bd6fc-2a3b-467f-b0e7-8a41befa8d4e,Any,d1fa6d40-7391-4dd6-8f06-263a0ed5392c,102.4213337,771.7219786,15.29138205,0,0,0,1,,,
ce5adbfa-49c4-4e9d-9269-6018e81859cf,ca11c486-f3c1-4f8f-b1e8-f81dcf4c2e6b,Any,ce5adbfa-49c4-4e9d-9269-6018e81859cf,972.8927016,28.63141524,826.1557426,0,0,0,1,,,
e3efbe48-2278-43a4-a88c-55d7f846d9f9,8e2bd6fc-2a3b-467f-b0e7-8a41befa8d4e,Any,e3efbe48-2278-43a4-a88c-55d7f846d9f9,366.5028783,809.9395681,54.23678901,0,0,0,1,,,
5ac869ea-eaa0-4e3e-8363-06dff74a9290,662d76a7-a651-4456-9c75-c5f60cec6588,Any,5ac869ea-eaa0-4e3e-8363-06dff74a9290,306.3961037,532.0427573,236.1602064,0,0,0,1,,,
14ef6674-c9ab-4d68-9c08-54cd8a2d625c,0c598344-49b9-4330-9440-3ffeaf3a0e6e,Any,14ef6674-c9ab-4d68-9c08-54cd8a2d625c,634.4584934,591.9140743,475.5444611,0,0,0,1,,,
01905461-4dc6-497d-a48c-cae0ca9745ec,0c598344-49b9-4330-9440-3ffeaf3a0e6e,Any,01905461-4dc6-497d-a48c-cae0ca9745ec,297.0021083,649.9655325,708.1988746,0,0,0,1,,,
09b8ee29-b14c-4a62-ac0f-2bee9c1c9eaa,01905461-4dc6-497d-a48c-cae0ca9745ec,Any,09b8ee29-b14c-4a62-ac0f-2bee9c1c9eaa,850.2298517,992.2280322,158.0196429,0,0,0,1,,,
839dc590-4d0e-4a55-bcb4-3541d7086aef,0c598344-49b9-4330-9440-3ffeaf3a0e6e,Any,839dc590-4d0e-4a55-bcb4-3541d7086aef,624.7729784,820.4089142,210.2458173,0,0,0,1,,,
a7f902b1-b241-455c-9c15-fee1e0073312,662d76a7-a651-4456-9c75-c5f60cec6588,Any,a7f902b1-b241-455c-9c15-fee1e0073312,598.4462796,468.6947883,477.7669684,0,0,0,1,,,
6556e2d4-9707-4b53-89dc-d2fc3494851a,e3efbe48-2278-43a4-a88c-55d7f846d9f9,Any,6556e2d4-9707-4b53-89dc-d2fc3494851a,960.7519649,887.6023678,878.4705972,0,0,0,1,,,
5ca5f8f8-6d56-4266-92f2-1fc2c1fecdda,839dc590-4d0e-4a55-bcb4-3541d7086aef,Any,5ca5f8f8-6d56-4266-92f2-1fc2c1fecdda,427.0389185,52.78661383,255.8701826,0,0,0,1,,,
9e0e769a-3cdd-4bca-9c30-2f5e3f95081f,e3efbe48-2278-43a4-a88c-55d7f846d9f9,Any,9e0e769a-3cdd-4bca-9c30-2f5e3f95081f,871.5643613,597.4891943,791.5194865,0,0,0,1,,,
6edd00bd-0ff2-471c-bc65-e8d5c0670198,662d76a7-a651-4456-9c75-c5f60cec6588,Any,6edd00bd-0ff2-471c-bc65-e8d5c0670198,992.2337858,828.5480271,806.0379178,0,0,0,1,,,
0fdcbd31-86be-49c8-81cd-eb90ac404347,6edd00bd-0ff2-471c-bc65-e8d5c0670198,Any,0fdcbd31-86be-49c8-81cd-eb90ac404347,840.0607828,737.2532746,995.1651258,0,0,0,1,,,
0e23dc16-fd81-499c-8e35-e37700386f08,6edd00bd-0ff2-471c-bc65-e8d5c0670198,Any,0e23dc16-fd81-499c-8e35-e37700386f08,668.7907461,918.9217456,440.9870015,0,0,0,1,,,
3c2feb84-7450-4198-a19c-e9e75694ee9b,0e23dc16-fd81-499c-8e35-e37700386f08,Any,3c2feb84-7450-4198-a19c-e9e75694ee9b,944.6770356,304.6369493,27.17468408,0,0,0,1,,,
60c1ed41-427f-402e-b38c-c4ef8753db86,3c2feb84-7450-4198-a19c-e9e75694ee9b,Any,60c1ed41-427f-402e-b38c-c4ef8753db86,277.4553367,635.9908071,441.2186529,0,0,0,1,,,
5b618aa2-276d-46e3-8bbf-af237de1cc6e,662d76a7-a651-4456-9c75-c5f60cec6588,Any,5b618aa2-276d-46e3-8bbf-af237de1cc6e,564.7423984,112.8262265,119.7365921,0,0,0,1,,,
5e064406-5a45-406a-a152-97480d45b31f,0e23dc16-fd81-499c-8e35-e37700386f08,Any,5e064406-5a45-406a-a152-97480d45b31f,93.61135768,677.4667811,295.5404662,0,0,0,1,,,
cb56c8e3-510d-4cf7-8af4-24807b8c7408,0e23dc16-fd81-499c-8e35-e37700386f08,Any,cb56c8e3-510d-4cf7-8af4-24807b8c7408,71.90802583,434.4974435,811.8969754,0,0,0,1,,,
41b9fd2f-ff64-4bcd-89d7-26918ee87161,662d76a7-a651-4456-9c75-c5f60cec6588,Any,41b9fd2f-ff64-4bcd-89d7-26918ee87161,905.3446892,83.95127327,554.7155924,0,0,0,1,,,
686fd701-0699-43f0-93c5-bdbc941570c3,60c1ed41-427f-402e-b38c-c4ef8753db86,Any,686fd701-0699-43f0-93c5-bdbc941570c3,846.9042505,403.1339354,522.7383203,0,0,0,1,,,
b6706192-6453-4fc1-b91d-a7bc245b9df0,662d76a7-a651-4456-9c75-c5f60cec6588,Any,b6706192-6453-4fc1-b91d-a7bc245b9df0,155.1765581,579.2581988,59.22997579,0,0,0,1,,,
9952ad7d-c2a3-4024-95ec-3a30938144d5,60c1ed41-427f-402e-b38c-c4ef8753db86,Any,9952ad7d-c2a3-4024-95ec-3a30938144d5,823.221425,670.1184237,99.89655741,0,0,0,1,,,
79ba3a98-406a-46d0-b79a-bb26a3a439db,662d76a7-a651-4456-9c75-c5f60cec6588,Any,79ba3a98-406a-46d0-b79a-bb26a3a439db,383.0244293,826.1419738,778.298503,0,0,0,1,,,
6be6483a-87cb-4546-8d2b-38c40b4a5414,60c1ed41-427f-402e-b38c-c4ef8753db86,Any,6be6483a-87cb-4546-8d2b-38c40b4a5414,506.9100867,999.9114095,259.3984088,0,0,0,1,,,
07276281-79e3-49bc-80ee-facdbbfbc286,662d76a7-a651-4456-9c75-c5f60cec6588,Any,07276281-79e3-49bc-80ee-facdbbfbc286,934.7051067,654.2801912,366.127737,0,0,0,1,,,
b6553f7b-3378-4430-b5b9-4b6fb1f15a00,cb56c8e3-510d-4cf7-8af4-24807b8c7408,Any,b6553f7b-3378-4430-b5b9-4b6fb1f15a00,104.8883926,759.9337526,515.1706678,0,0,0,1,,,
abcb730c-093a-419c-8f35-c2e20857888a,07276281-79e3-49bc-80ee-facdbbfbc286,Any,abcb730c-093a-419c-8f35-c2e20857888a,341.0058786,816.1486833,467.6861002,0,0,0,1,,,
08a0f601-9016-41da-b283-d3fc4b4abf54,07276281-79e3-49bc-80ee-facdbbfbc286,Any,08a0f601-9016-41da-b283-d3fc4b4abf54,796.9874472,626.3608473,787.2159749,0,0,0,1,,,
b0c6f233-3d88-4a1d-a382-dc5bcda85003,6be6483a-87cb-4546-8d2b-38c40b4a5414,Any,b0c6f233-3d88-4a1d-a382-dc5bcda85003,516.3622843,698.4312071,690.8622793,0,0,0,1,,,
445aa229-69d4-41a9-b5b6-a2ca618a1847,662d76a7-a651-4456-9c75-c5f60cec6588,Any,445aa229-69d4-41a9-b5b6-a2ca618a1847,127.2262564,641.9703335,815.1955218,0,0,0,1,,,
01e1a85b-8cd6-4906-8e7a-5f069680487c,b6553f7b-3378-4430-b5b9-4b6fb1f15a00,Any,01e1a85b-8cd6-4906-8e7a-5f069680487c,785.0434262,574.7230003,676.5835391,0,0,0,1,,,
559d494b-2aca-40c8-8b2a-f974644f48e8,cb56c8e3-510d-4cf7-8af4-24807b8c7408,Any,559d494b-2aca-40c8-8b2a-f974644f48e8,339.7862395,442.3123591,543.9811249,0,0,0,1,,,
18f46465-7b67-4c41-b576-a7a797cfea63,01e1a85b-8cd6-4906-8e7a-5f069680487c,Any,18f46465-7b67-4c41-b576-a7a797cfea63,708.9183142,63.44682723,25.37400042,0,0,0,1,,,
ce09358e-f466-402d-ab1b-48f5b25649a5,cb56c8e3-510d-4cf7-8af4-24807b8c7408,Any,ce09358e-f466-402d-ab1b-48f5b25649a5,866.6174499,469.2857975,640.4258846,0,0,0,1,,,
d697af65-4e82-4c28-9995-e7ece48820df,cb56c8e3-510d-4cf7-8af4-24807b8c7408,Any,d697af65-4e82-4c28-9995-e7ece48820df,828.8979283,116.3926163,752.1171298,0,0,0,1,,,
60d5cd96-2917-457d-801c-f41cd937ebd1,01e1a85b-8cd6-4906-8e7a-5f069680487c,Any,60d5cd96-2917-457d-801c-f41cd937ebd1,161.1583333,108.0536965,74.81441704,0,0,0,1,,,
f26b6fa2-5f41-45e1-ad1d-a986e63f036b,662d76a7-a651-4456-9c75-c5f60cec6588,Any,f26b6fa2-5f41-45e1-ad1d-a986e63f036b,622.9466377,32.11121383,895.0115983,0,0,0,1,,,
c1c10046-d648-484f-9b88-626904f54755,08a0f601-9016-41da-b283-d3fc4b4abf54,Any,c1c10046-d648-484f-9b88-626904f54755,757.3444985,976.0709093,865.0602121,0,0,0,1,,,
f7c8e7f8-6ad7-4712-92e7-7a0e8d54c36c,c1c10046-d648-484f-9b88-626904f54755,Any,f7c8e7f8-6ad7-4712-92e7-7a0e8d54c36c,560.7091742,231.5939109,172.3761493,0,0,0,1,,,
dbda8ad7-b474-4873-9c73-05914dbaa4f8,f7c8e7f8-6ad7-4712-92e7-7a0e8d54c36c,Any,dbda8ad7-b474-4873-9c73-05914dbaa4f8,387.3797599,160.3422998,574.3819803,0,0,0,1,,,
24a799cd-3aa7-47f0-8545-4538dfd6e91b,dbda8ad7-b474-4873-9c73-05914dbaa4f8,Any,24a799cd-3aa7-47f0-8545-4538dfd6e91b,180.8454732,487.2756648,74.04247121,0,0,0,1,,,
9cbeb4ab-2db7-4d2a-94b4-49632f7d04f1,f7c8e7f8-6ad7-4712-92e7-7a0e8d54c36c,Any,9cbeb4ab-2db7-4d2a-94b4-49632f7d04f1,2.356510471,478.1031286,534.8036578,0,0,0,1,,,
a82184c5-6981-4fa9-8dfe-c3cac1b2010c,662d76a7-a651-4456-9c75-c5f60cec6588,Any,a82184c5-6981-4fa9-8dfe-c3cac1b2010c,656.0971169,374.1291351,372.9498135,0,0,0,1,,,
ef1cef16-14c5-4c83-940d-5038d24caff5,662d76a7-a651-4456-9c75-c5f60cec6588,Any,ef1cef16-14c5-4c83-940d-5038d24caff5,815.0712876,639.3117581,511.8923344,0,0,0,1,,,
67dea0ac-e100-4730-bd50-21671b2aedb8,c1c10046-d648-484f-9b88-626904f54755,Any,67dea0ac-e100-4730-bd50-21671b2aedb8,517.051096,782.3832202,742.7638192,0,0,0,1,,,
b697f65b-8384-4d89-8f7e-9264ff35b2bf,67dea0ac-e100-4730-bd50-21671b2aedb8,Any,b697f65b-8384-4d89-8f7e-9264ff35b2bf,795.0228442,319.53775,794.3627257,0,0,0,1,,,
cc4167e6-31a1-43af-aa87-d8c7abdbbe77,c1c10046-d648-484f-9b88-626904f54755,Any,cc4167e6-31a1-43af-aa87-d8c7abdbbe77,589.2951415,180.5207989,882.7385154,0,0,0,1,,,
401c3d20-3ff2-4e89-9ffe-e0acbb0e2fa2,08a0f601-9016-41da-b283-d3fc4b4abf54,Any,401c3d20-3ff2-4e89-9ffe-e0acbb0e2fa2,953.4771497,895.7105077,323.0037664,0,0,0,1,,,
afd67426-a3f1-4b3e-88fe-e9dcb6529b95,08a0f601-9016-41da-b283-d3fc4b4abf54,Any,afd67426-a3f1-4b3e-88fe-e9dcb6529b95,35.88369727,66.35056159,996.6129717,0,0,0,1,,,
ce58cd75-0304-4e50-bb3a-59e30e57bf3a,662d76a7-a651-4456-9c75-c5f60cec6588,Any,ce58cd75-0304-4e50-bb3a-59e30e57bf3a,165.2243833,308.5913263,399.9525251,0,0,0,1,,,
7a17ab34-0016-47d5-a3a6-2994d73b89bf,b697f65b-8384-4d89-8f7e-9264ff35b2bf,Any,7a17ab34-0016-47d5-a3a6-2994d73b89bf,602.8312954,939.4973911,295.4271079,0,0,0,1,,,
62b04197-fafc-4d49-bcb3-58d4f6485d59,b697f65b-8384-4d89-8f7e-9264ff35b2bf,Any,62b04197-fafc-4d49-bcb3-58d4f6485d59,656.0144337,935.5164089,368.8998563,0,0,0,1,,,
ad94c163-4629-4cf8-aa27-5fb49828da93,b697f65b-8384-4d89-8f7e-9264ff35b2bf,Any,ad94c163-4629-4cf8-aa27-5fb49828da93,155.8043666,236.7409335,521.6652007,0,0,0,1,,,
4956a101-6ce2-40d2-be6d-abbbc3283b60,b697f65b-8384-4d89-8f7e-9264ff35b2bf,Any,4956a101-6ce2-40d2-be6d-abbbc3283b60,906.9092422,508.5904073,655.1121831,0,0,0,1,,,
738325f8-6762-4fa0-b12a-58a6c82619d7,b697f65b-8384-4d89-8f7e-9264ff35b2bf,Any,738325f8-6762-4fa0-b12a-58a6c82619d7,198.8145052,894.606576,496.324782,0,0,0,1,,,
001d2564-eb21-44ba-b449-c79f5b3d4e27,afd67426-a3f1-4b3e-88fe-e9dcb6529b95,Any,001d2564-eb21-44ba-b449-c79f5b3d4e27,90.06062149,91.74472087,298.8940954,0,0,0,1,,,
be635a85-6739-4f18-90e5-f48ca1c0c481,b697f65b-8384-4d89-8f7e-9264ff35b2bf,Any,be635a85-6739-4f18-90e5-f48ca1c0c481,477.8621331,269.1430101,9.799650662,0,0,0,1,,,
20c300a7-c0ec-42a8-b21a-4d203db3290e,08a0f601-9016-41da-b283-d3fc4b4abf54,Any,20c300a7-c0ec-42a8-b21a-4d203db3290e,865.3460311,255.0290171,99.72391906,0,0,0,1,,,
e9ed49e9-ec31-47ea-bd9c-5c61cca89137,08a0f601-9016-41da-b283-d3fc4b4abf54,Any,e9ed49e9-ec31-47ea-bd9c-5c61cca89137,893.6001006,529.1437208,249.4911567,0,0,0,1,,,
ef866b6a-4b6d-4ff9-83cd-36502552c37e,662d76a7-a651-4456-9c75-c5f60cec6588,Any,ef866b6a-4b6d-4ff9-83cd-36502552c37e,679.4844806,262.2467551,51.39830229,0,0,0,1,,,
b36a9328-a698-4da9-9c08-2bb676c69d60,08a0f601-9016-41da-b283-d3fc4b4abf54,Any,b36a9328-a698-4da9-9c08-2bb676c69d60,465.1330277,658.4105462,767.950795,0,0,0,1,,,
45b52145-668c-4459-9c77-8ab55f3eb45b,662d76a7-a651-4456-9c75-c5f60cec6588,Any,45b52145-668c-4459-9c77-8ab55f3eb45b,354.8538267,801.1654422,359.8814714,0,0,0,1,,,
07366b93-45e5-4370-997d-b61452720f5e,b697f65b-8384-4d89-8f7e-9264ff35b2bf,Any,07366b93-45e5-4370-997d-b61452720f5e,79.99556199,286.351018,865.0345677,0,0,0,1,,,
5eb0e0f0-db5e-41cb-8f17-90552c944c9d,b36a9328-a698-4da9-9c08-2bb676c69d60,Any,5eb0e0f0-db5e-41cb-8f17-90552c944c9d,904.1270759,791.7806742,461.193275,0,0,0,1,,,
28347657-934d-4279-923d-971742a0deac,45b52145-668c-4459-9c77-8ab55f3eb45b,Any,28347657-934d-4279-923d-971742a0deac,879.4938045,850.7751901,289.3038963,0,0,0,1,,,
ea057f41-10f7-4a41-a0cd-65ba5df79b6b,45b52145-668c-4459-9c77-8ab55f3eb45b,Any,ea057f41-10f7-4a41-a0cd-65ba5df79b6b,343.3427645,212.0609128,39.14306485,0,0,0,1,,,
81485fc5-ed21-40f2-a053-3d8167108a66,662d76a7-a651-4456-9c75-c5f60cec6588,Any,81485fc5-ed21-40f2-a053-3d8167108a66,629.6190617,50.63535369,724.8857995,0,0,0,1,,,
984a2330-e83e-4deb-96cd-e3d1cdb1b324,ea057f41-10f7-4a41-a0cd-65ba5df79b6b,Any,984a2330-e83e-4deb-96cd-e3d1cdb1b324,590.1671957,495.759588,34.63507305,0,0,0,1,,,
e05518cf-257e-45b3-90a0-acd156011c13,5eb0e0f0-db5e-41cb-8f17-90552c944c9d,Any,e05518cf-257e-45b3-90a0-acd156011c13,22.24665401,898.8237806,538.3797138,0,0,0,1,,,
6313c83a-c44c-4dc6-89fd-b455ca17764f,e05518cf-257e-45b3-90a0-acd156011c13,Any,6313c83a-c44c-4dc6-89fd-b455ca17764f,956.3736141,856.3112475,644.969876,0,0,0,1,,,
94ac3f9e-3f90-4d64-8e3c-a1744d6c909b,81485fc5-ed21-40f2-a053-3d8167108a66,Any,94ac3f9e-3f90-4d64-8e3c-a1744d6c909b,871.2205517,4.130917692,392.7311153,0,0,0,1,,,
de96004c-e89c-46f5-90d2-efcbfa50e1a7,94ac3f9e-3f90-4d64-8e3c-a1744d6c909b,Any,de96004c-e89c-46f5-90d2-efcbfa50e1a7,728.7789483,191.8668031,786.6604945,0,0,0,1,,,
5f05c8a5-6684-4d74-87bd-01b84d38420d,5eb0e0f0-db5e-41cb-8f17-90552c944c9d,Any,5f05c8a5-6684-4d74-87bd-01b84d38420d,81.58850318,614.935039,621.5611187,0,0,0,1,,,
2bb38baf-99b2-4383-94cc-5e1564ea706d,5eb0e0f0-db5e-41cb-8f17-90552c944c9d,Any,2bb38baf-99b2-4383-94cc-5e1564ea706d,338.1152021,41.71668403,689.7364658,0,0,0,1,,,
15ab9df3-69bd-4431-99cc-9d08f5ff1649,5eb0e0f0-db5e-41cb-8f17-90552c944c9d,Any,15ab9df3-69bd-4431-99cc-9d08f5ff1649,492.5589106,668.4761582,591.2698821,0,0,0,1,,,
57fb39d2-b800-4486-9087-697d28301770,94ac3f9e-3f90-4d64-8e3c-a1744d6c909b,Any,57fb39d2-b800-4486-9087-697d28301770,578.1770034,766.6171299,982.7557174,0,0,0,1,,,
10ad44d3-5160-4fc1-9b8a-317ec7a1d2c7,94ac3f9e-3f90-4d64-8e3c-a1744d6c909b,Any,10ad44d3-5160-4fc1-9b8a-317ec7a1d2c7,315.5521515,566.6377025,276.0876104,0,0,0,1,,,
068b3133-b320-4422-9171-69728f9fc412,81485fc5-ed21-40f2-a053-3d8167108a66,Any,068b3133-b320-4422-9171-69728f9fc412,916.0927891,290.7005695,451.4628251,0,0,0,1,,,
47e9d457-46e6-42ed-9809-aa9d115053a0,15ab9df3-69bd-4431-99cc-9d08f5ff1649,Any,47e9d457-46e6-42ed-9809-aa9d115053a0,31.6441091,378.7614588,336.584795,0,0,0,1,,,
d9b00ee7-d71e-4994-a691-83379a2ca7df,81485fc5-ed21-40f2-a053-3d8167108a66,Any,d9b00ee7-d71e-4994-a691-83379a2ca7df,909.2190116,976.9804556,465.6545494,0,0,0,1,,,
da02f9a4-3c9d-4e5f-bed6-5579404eb534,662d76a7-a651-4456-9c75-c5f60cec6588,Any,da02f9a4-3c9d-4e5f-bed6-5579404eb534,222.1156999,4.039541817,572.6499038,0,0,0,1,,,
c4ae0e16-eed1-489f-8dc6-c97d2cb4db68,5eb0e0f0-db5e-41cb-8f17-90552c944c9d,Any,c4ae0e16-eed1-489f-8dc6-c97d2cb4db68,486.3005589,679.6974663,174.965095,0,0,0,1,,,
ecb4b2a8-4ca6-4e36-8a49-4e70fcbc3540,c4ae0e16-eed1-489f-8dc6-c97d2cb4db68,Any,ecb4b2a8-4ca6-4e36-8a49-4e70fcbc3540,478.862635,339.4196147,316.5902878,0,0,0,1,,,
0a509600-5605-44ac-8c76-0161c592ea15,da02f9a4-3c9d-4e5f-bed6-5579404eb534,Any,0a509600-5605-44ac-8c76-0161c592ea15,192.556053,873.7588601,447.4746178,0,0,0,1,,,
7a3ecec7-f376-4e29-9d38-8ffec24d04a2,0a509600-5605-44ac-8c76-0161c592ea15,Any,7a3ecec7-f376-4e29-9d38-8ffec24d04a2,968.2829818,218.5778996,149.6010153,0,0,0,1,,,
4e768530-5b2f-482e-8a2b-a733a5bae96a,5eb0e0f0-db5e-41cb-8f17-90552c944c9d,Any,4e768530-5b2f-482e-8a2b-a733a5bae96a,576.4884761,655.9885406,186.1585788,0,0,0,1,,,
eed13409-4956-4e18-ad3b-b9454a0c7bbf,0a509600-5605-44ac-8c76-0161c592ea15,Any,eed13409-4956-4e18-ad3b-b9454a0c7bbf,196.0309418,217.5491052,83.90307749,0,0,0,1,,,
e430fbd7-61d0-45f1-b60a-63655559fecf,4e768530-5b2f-482e-8a2b-a733a5bae96a,Any,e430fbd7-61d0-45f1-b60a-63655559fecf,918.2929338,523.7950923,26.25872463,0,0,0,1,,,
704ba03f-9b1f-4910-b2c4-33ab801bcec3,da02f9a4-3c9d-4e5f-bed6-5579404eb534,Any,704ba03f-9b1f-4910-b2c4-33ab801bcec3,8.912126929,412.7527104,886.9403305,0,0,0,1,,,
97345b3e-3065-4602-b766-c7b410399c25,704ba03f-9b1f-4910-b2c4-33ab801bcec3,Any,97345b3e-3065-4602-b766-c7b410399c25,865.2989408,883.5837017,421.1429561,0,0,0,1,,,
03875dd1-1332-42d9-b70e-cff167995f72,da02f9a4-3c9d-4e5f-bed6-5579404eb534,Any,03875dd1-1332-42d9-b70e-cff167995f72,450.4908261,511.2725907,764.2308403,0,0,0,1,,,
143de869-c39a-4858-94ad-2f1fc992d250,662d76a7-a651-4456-9c75-c5f60cec6588,Any,143de869-c39a-4858-94ad-2f1fc992d250,213.2722106,83.23477543,163.6316033,0,0,0,1,,,
6e1a840b-3049-48ac-98ed-cee850523017,143de869-c39a-4858-94ad-2f1fc992d250,Any,6e1a840b-3049-48ac-98ed-cee850523017,422.815645,113.2837868,437.1440512,0,0,0,1,,,
6480c29a-7041-4680-925f-656b351607ed,4e768530-5b2f-482e-8a2b-a733a5bae96a,Any,6480c29a-7041-4680-925f-656b351607ed,809.2148377,759.8778112,900.2959374,0,0,0,1,,,
35107809-e7a6-4950-80c6-62fab288b6a9,4e768530-5b2f-482e-8a2b-a733a5bae96a,Any,35107809-e7a6-4950-80c6-62fab288b6a9,978.9550428,506.6569434,411.5032956,0,0,0,1,,,
8dde60e8-cb16-4b9e-9ac4-97813b7d0879,143de869-c39a-4858-94ad-2f1fc992d250,Any,8dde60e8-cb16-4b9e-9ac4-97813b7d0879,919.7233168,477.0102246,402.5450679,0,0,0,1,,,
564ae97f-267d-4fa1-a603-d69730822481,97345b3e-3065-4602-b766-c7b410399c25,Any,564ae97f-267d-4fa1-a603-d69730822481,377.09206,337.5714034,410.3733636,0,0,0,1,,,
f1f360f0-15ea-4278-bdec-a51f120255ac,143de869-c39a-4858-94ad-2f1fc992d250,Any,f1f360f0-15ea-4278-bdec-a51f120255ac,50.05892122,78.06591029,500.9589654,0,0,0,1,,,
b0a7837c-33d4-410e-93ba-2d3336bffe0b,662d76a7-a651-4456-9c75-c5f60cec6588,Any,b0a7837c-33d4-410e-93ba-2d3336bffe0b,408.26274,844.0611099,419.382506,0,0,0,1,,,
2cb2bc0f-e34d-42a3-9845-120f12da50a9,662d76a7-a651-4456-9c75-c5f60cec6588,Any,2cb2bc0f-e34d-42a3-9845-120f12da50a9,191.4370129,385.0664138,185.5142619,0,0,0,1,,,
fb789c37-2da0-4691-988a-a944255dd09c,662d76a7-a651-4456-9c75-c5f60cec6588,Any,fb789c37-2da0-4691-988a-a944255dd09c,303.5402373,254.7837419,217.0239227,0,0,0,1,,,
1f8dc2c5-035f-4d74-9d40-dd8bc0fce3ca,564ae97f-267d-4fa1-a603-d69730822481,Any,1f8dc2c5-035f-4d74-9d40-dd8bc0fce3ca,124.9628858,658.0241139,186.2047631,0,0,0,1,,,
ee2f12f9-83e9-469f-951c-89af2b2a394c,97345b3e-3065-4602-b766-c7b410399c25,Any,ee2f12f9-83e9-469f-951c-89af2b2a394c,300.0002704,205.058772,813.320109,0,0,0,1,,,
7861683c-ef41-4d04-b257-123251b266fb,662d76a7-a651-4456-9c75-c5f60cec6588,Any,7861683c-ef41-4d04-b257-123251b266fb,858.4107821,49.93116951,357.757408,0,0,0,1,,,
7fef525d-169f-473a-8f78-11d5288ff376,7861683c-ef41-4d04-b257-123251b266fb,Any,7fef525d-169f-473a-8f78-11d5288ff376,37.97044658,579.7340221,360.273804,0,0,0,1,,,
11db02a5-31e6-4562-90fd-08fb96f74427,ee2f12f9-83e9-469f-951c-89af2b2a394c,Any,11db02a5-31e6-4562-90fd-08fb96f74427,61.85140007,847.6111441,259.7109244,0,0,0,1,,,
ab3da9b0-ba4a-4d93-b2d0-a02126ed4a36,662d76a7-a651-4456-9c75-c5f60cec6588,Any,ab3da9b0-ba4a-4d93-b2d0-a02126ed4a36,801.1100998,665.8171091,449.7153435,0,0,0,1,,,
9e43692a-6e4f-48ec-a740-38be33e5ca3b,ab3da9b0-ba4a-4d93-b2d0-a02126ed4a36,Any,9e43692a-6e4f-48ec-a740-38be33e5ca3b,133.5423596,699.0349644,481.3580988,0,0,0,1,,,
68116bd5-990e-4fcb-af75-310cc503b06f,ee2f12f9-83e9-469f-951c-89af2b2a394c,Any,68116bd5-990e-4fcb-af75-310cc503b06f,226.5355368,720.2688591,97.52659808,0,0,0,1,,,
6cbe6e41-e49a-425f-8f99-a15aa7ebb9a0,68116bd5-990e-4fcb-af75-310cc503b06f,Any,6cbe6e41-e49a-425f-8f99-a15aa7ebb9a0,628.3960478,820.023485,945.2912751,0,0,0,1,,,
7b759582-6344-47ed-8080-5ad0867937b0,97345b3e-3065-4602-b766-c7b410399c25,Any,7b759582-6344-47ed-8080-5ad0867937b0,97.22470812,729.3785046,522.7281295,0,0,0,1,,,
637a62b9-4a52-4053-9f0b-78ebd3573448,9e43692a-6e4f-48ec-a740-38be33e5ca3b,Any,637a62b9-4a52-4053-9f0b-78ebd3573448,609.3654008,187.1736068,529.2962835,0,0,0,1,,,
5fa6a204-f5cb-4b02-bc69-7897e4e0fe1f,ab3da9b0-ba4a-4d93-b2d0-a02126ed4a36,Any,5fa6a204-f5cb-4b02-bc69-7897e4e0fe1f,981.7665861,571.3467372,152.4012975,0,0,0,1,,,
85526cae-db74-46d1-8dd8-b856c9182efc,637a62b9-4a52-4053-9f0b-78ebd3573448,Any,85526cae-db74-46d1-8dd8-b856c9182efc,271.9470903,278.3656026,560.9707749,0,0,0,1,,,
9d92cfc4-baeb-424f-bd82-fd165088ceb6,662d76a7-a651-4456-9c75-c5f60cec6588,Any,9d92cfc4-baeb-424f-bd82-fd165088ceb6,704.5161778,305.5808808,929.0094823,0,0,0,1,,,
f4aef848-485b-4d3e-b1da-ab2b878cf6bb,68116bd5-990e-4fcb-af75-310cc503b06f,Any,f4aef848-485b-4d3e-b1da-ab2b878cf6bb,572.20934,263.9732113,55.41944885,0,0,0,1,,,
94b4f88f-725b-4dd8-a4f6-cd1a26967488,68116bd5-990e-4fcb-af75-310cc503b06f,Any,94b4f88f-725b-4dd8-a4f6-cd1a26967488,221.7750249,163.5017475,476.170489,0,0,0,1,,,
f37b0bc1-06c2-4290-ae99-ca2b4a42b2e7,9d92cfc4-baeb-424f-bd82-fd165088ceb6,Any,f37b0bc1-06c2-4290-ae99-ca2b4a42b2e7,343.3604227,414.718447,473.7530282,0,0,0,1,,,
5386cc79-d4f2-46c8-8d3d-c1e191fb9fdb,9d92cfc4-baeb-424f-bd82-fd165088ceb6,Any,5386cc79-d4f2-46c8-8d3d-c1e191fb9fdb,559.4614009,18.38365505,485.5941456,0,0,0,1,,,
7b7128d0-b4e3-466d-ab3f-de70cae71a75,637a62b9-4a52-4053-9f0b-78ebd3573448,Any,7b7128d0-b4e3-466d-ab3f-de70cae71a75,936.6969259,122.7218442,137.6687463,0,0,0,1,,,
96263dd6-f6f1-4be2-a10c-8cd31368b686,68116bd5-990e-4fcb-af75-310cc503b06f,Any,96263dd6-f6f1-4be2-a10c-8cd31368b686,891.8469341,716.4257198,962.183131,0,0,0,1,,,
89deb8ea-270b-47eb-8542-b22f88f1a332,637a62b9-4a52-4053-9f0b-78ebd3573448,Any,89deb8ea-270b-47eb-8542-b22f88f1a332,702.7302037,67.6752012,458.7600331,0,0,0,1,,,
27a20fbc-9cf1-4744-978c-bee1dea4cfdc,5386cc79-d4f2-46c8-8d3d-c1e191fb9fdb,Any,27a20fbc-9cf1-4744-978c-bee1dea4cfdc,128.0361793,390.5697477,535.7512209,0,0,0,1,,,
021099d8-b1d2-4fea-a763-867eeed45f8c,5386cc79-d4f2-46c8-8d3d-c1e191fb9fdb,Any,021099d8-b1d2-4fea-a763-867eeed45f8c,506.0357503,46.12891636,893.5660571,0,0,0,1,,,
77915a0c-7a42-4b49-af71-364b929662a4,662d76a7-a651-4456-9c75-c5f60cec6588,Any,77915a0c-7a42-4b49-af71-364b929662a4,931.084437,291.9987472,405.8382264,0,0,0,1,,,
cbeb032f-9560-4254-b8fc-3bd3176e37c9,89deb8ea-270b-47eb-8542-b22f88f1a332,Any,cbeb032f-9560-4254-b8fc-3bd3176e37c9,945.1121423,805.4549032,388.1012899,0,0,0,1,,,
e3d5e1fd-89ca-4c5b-b2cb-d7c77371b562,662d76a7-a651-4456-9c75-c5f60cec6588,Any,e3d5e1fd-89ca-4c5b-b2cb-d7c77371b562,589.1013366,670.3401327,76.26365348,0,0,0,1,,,
561e40cb-e247-498f-96a2-dda0d5183b85,662d76a7-a651-4456-9c75-c5f60cec6588,Any,561e40cb-e247-498f-96a2-dda0d5183b85,243.8049278,451.0706943,938.1785447,0,0,0,1,,,
a7a91b16-2102-4a98-b5fd-2d42050e225d,021099d8-b1d2-4fea-a763-867eeed45f8c,Any,a7a91b16-2102-4a98-b5fd-2d42050e225d,61.7490484,504.4714954,20.33456133,0,0,0,1,,,
73f2a635-3a0a-4304-a2b5-3ad8a3155934,021099d8-b1d2-4fea-a763-867eeed45f8c,Any,73f2a635-3a0a-4304-a2b5-3ad8a3155934,352.6994096,130.4425964,872.0037563,0,0,0,1,,,
c6b1031e-0e45-484f-8019-4fe092c16283,662d76a7-a651-4456-9c75-c5f60cec6588,Any,c6b1031e-0e45-484f-8019-4fe092c16283,989.283583,304.489569,245.4266185,0,0,0,1,,,
e1c0e693-2a01-4f52-9592-0df3c9fba155,5386cc79-d4f2-46c8-8d3d-c1e191fb9fdb,Any,e1c0e693-2a01-4f52-9592-0df3c9fba155,511.1437699,91.99691446,154.4511199,0,0,0,1,,,
ebc4eac3-8b65-4a8c-82ea-364215e2dc03,5386cc79-d4f2-46c8-8d3d-c1e191fb9fdb,Any,ebc4eac3-8b65-4a8c-82ea-364215e2dc03,375.0124939,727.8384693,297.188696,0,0,0,1,,,
a2ac48bf-2108-43e6-83f0-b8c63e594a44,ebc4eac3-8b65-4a8c-82ea-364215e2dc03,Any,a2ac48bf-2108-43e6-83f0-b8c63e594a44,286.9193385,146.0767652,855.0782884,0,0,0,1,,,
eba26181-c8b3-4ab9-b0f9-7ad66504cbae,cbeb032f-9560-4254-b8fc-3bd3176e37c9,Any,eba26181-c8b3-4ab9-b0f9-7ad66504cbae,425.4593488,351.9506861,778.3875363,0,0,0,1,,,
0310cbde-cc64-4114-877e-bc793bdacc45,ebc4eac3-8b65-4a8c-82ea-364215e2dc03,Any,0310cbde-cc64-4114-877e-bc793bdacc45,511.2746134,914.2546765,424.9207792,0,0,0,1,,,
0faa404a-e281-4b1f-9a30-88e8a23970ef,0310cbde-cc64-4114-877e-bc793bdacc45,Any,0faa404a-e281-4b1f-9a30-88e8a23970ef,916.8908275,176.0904033,295.1989219,0,0,0,1,,,
977ad40f-76eb-41cf-a28c-e948f804b1e2,0faa404a-e281-4b1f-9a30-88e8a23970ef,Any,977ad40f-76eb-41cf-a28c-e948f804b1e2,652.0576344,235.3621823,455.4230525,0,0,0,1,,,
e561d6be-a761-438c-9807-41ae6c8199d9,662d76a7-a651-4456-9c75-c5f60cec6588,Any,e561d6be-a761-438c-9807-41ae6c8199d9,498.3993022,751.3558975,962.2736346,0,0,0,1,,,
9ce39ac1-0624-4093-9425-82cc180ee96c,0310cbde-cc64-4114-877e-bc793bdacc45,Any,9ce39ac1-0624-4093-9425-82cc180ee96c,450.0994822,242.782005,482.6114636,0,0,0,1,,,
3df0e697-b1ce-42c3-beb6-8166b2f4d643,ebc4eac3-8b65-4a8c-82ea-364215e2dc03,Any,3df0e697-b1ce-42c3-beb6-8166b2f4d643,681.472799,298.7573536,218.8180888,0,0,0,1,,,
fc469256-d730-44ae-a904-84248c87707f,662d76a7-a651-4456-9c75-c5f60cec6588,Any,fc469256-d730-44ae-a904-84248c87707f,462.0309922,765.06088,721.4751153,0,0,0,1,,,
aac4e724-73ad-40d1-a53b-60d871c8f0fd,3df0e697-b1ce-42c3-beb6-8166b2f4d643,Any,aac4e724-73ad-40d1-a53b-60d871c8f0fd,979.8515089,312.8424841,930.3189121,0,0,0,1,,,
ae94e89c-bf11-4c5c-bdda-fa5e38ef0cd6,fc469256-d730-44ae-a904-84248c87707f,Any,ae94e89c-bf11-4c5c-bdda-fa5e38ef0cd6,197.0225761,610.9298974,195.1771139,0,0,0,1,,,
10e9bbd2-b49f-499c-8d21-7654c250bd0c,fc469256-d730-44ae-a904-84248c87707f,Any,10e9bbd2-b49f-499c-8d21-7654c250bd0c,56.01387336,73.11380271,989.2715034,0,0,0,1,,,
8d6a2bd8-874f-4211-b975-3d0ed9d009dc,10e9bbd2-b49f-499c-8d21-7654c250bd0c,Any,8d6a2bd8-874f-4211-b975-3d0ed9d009dc,633.0454663,853.1561224,632.7211843,0,0,0,1,,,
b2338864-f3f1-4cec-a279-d1494151973b,8d6a2bd8-874f-4211-b975-3d0ed9d009dc,Any,b2338864-f3f1-4cec-a279-d1494151973b,817.8858351,534.3299396,583.3264078,0,0,0,1,,,
acc59537-bde1-42f7-9233-f12a08a7bf7f,662d76a7-a651-4456-9c75-c5f60cec6588,Any,acc59537-bde1-42f7-9233-f12a08a7bf7f,934.7718221,829.5919537,140.0606431,0,0,0,1,,,
c56c1288-7fa1-4fa2-b320-aa6ff60b9e78,662d76a7-a651-4456-9c75-c5f60cec6588,Any,c56c1288-7fa1-4fa2-b320-aa6ff60b9e78,294.1540297,191.9829017,5.747658099,0,0,0,1,,,
6f190b6b-077c-4297-909a-c7ddf3d4cca0,c56c1288-7fa1-4fa2-b320-aa6ff60b9e78,Any,6f190b6b-077c-4297-909a-c7ddf3d4cca0,71.23256058,752.2911303,718.1329645,0,0,0,1,,,
0b060717-df32-4805-96c8-289520718a20,6f190b6b-077c-4297-909a-c7ddf3d4cca0,Any,0b060717-df32-4805-96c8-289520718a20,904.4621626,649.1976694,771.7763531,0,0,0,1,,,
f2806840-e1e5-4e1d-88da-e507159e8035,aac4e724-73ad-40d1-a53b-60d871c8f0fd,Any,f2806840-e1e5-4e1d-88da-e507159e8035,585.374411,544.8571656,840.5149994,0,0,0,1,,,
804c0ca5-6f67-4f98-9e8e-f0337482f39e,b2338864-f3f1-4cec-a279-d1494151973b,Any,804c0ca5-6f67-4f98-9e8e-f0337482f39e,465.9923829,22.3323949,208.1566071,0,0,0,1,,,
f9fd7167-075d-495f-8982-1223989e45fc,c56c1288-7fa1-4fa2-b320-aa6ff60b9e78,Any,f9fd7167-075d-495f-8982-1223989e45fc,373.3659712,465.1903948,556.5484908,0,0,0,1,,,
0c37377b-22d1-4315-9d08-cbf5fffe2123,c56c1288-7fa1-4fa2-b320-aa6ff60b9e78,Any,0c37377b-22d1-4315-9d08-cbf5fffe2123,633.242931,869.9760814,407.8344309,0,0,0,1,,,
126923fe-7324-4dff-9d09-c761a765d2d8,0b060717-df32-4805-96c8-289520718a20,Any,126923fe-7324-4dff-9d09-c761a765d2d8,328.964915,328.0358551,772.3707848,0,0,0,1,,,
14ba3ccb-6e44-4deb-a83b-89746b0ab89c,662d76a7-a651-4456-9c75-c5f60cec6588,Any,14ba3ccb-6e44-4deb-a83b-89746b0ab89c,640.5375627,725.928521,210.0347989,0,0,0,1,,,
cd27251e-138c-400e-b2e1-55f07f734290,804c0ca5-6f67-4f98-9e8e-f0337482f39e,Any,cd27251e-138c-400e-b2e1-55f07f734290,890.2420386,216.6406891,894.0914487,0,0,0,1,,,
6b4aa097-2d88-4188-8548-249fb9e21cbc,804c0ca5-6f67-4f98-9e8e-f0337482f39e,Any,6b4aa097-2d88-4188-8548-249fb9e21cbc,402.9835723,645.4011581,334.0593668,0,0,0,1,,,
a79537c7-19b5-4626-8353-4f6e1600e5c7,662d76a7-a651-4456-9c75-c5f60cec6588,Any,a79537c7-19b5-4626-8353-4f6e1600e5c7,236.0814512,657.6137071,236.4283967,0,0,0,1,,,
3e08cd7b-226f-43cf-aa51-9d5d7ec766e8,0c37377b-22d1-4315-9d08-cbf5fffe2123,Any,3e08cd7b-226f-43cf-aa51-9d5d7ec766e8,369.9194141,19.01136736,496.3240749,0,0,0,1,,,
5df9e467-6dfe-4b00-ac92-79953983b7fd,a79537c7-19b5-4626-8353-4f6e1600e5c7,Any,5df9e467-6dfe-4b00-ac92-79953983b7fd,634.819024,154.860257,506.6428173,0,0,0,1,,,
a78b81be-b917-459c-a90b-f58eb46cfa50,3e08cd7b-226f-43cf-aa51-9d5d7ec766e8,Any,a78b81be-b917-459c-a90b-f58eb46cfa50,373.8451343,485.6480562,205.447108,0,0,0,1,,,
db71456e-a566-4107-b26d-748440f9e35c,a78b81be-b917-459c-a90b-f58eb46cfa50,Any,db71456e-a566-4107-b26d-748440f9e35c,223.4941134,354.5699019,726.1789193,0,0,0,1,,,
25bbde94-8a0e-486f-8135-f9e49b6db5cb,db71456e-a566-4107-b26d-748440f9e35c,Any,25bbde94-8a0e-486f-8135-f9e49b6db5cb,97.20444123,266.8215733,780.9030653,0,0,0,1,,,
a61e25b3-f4d9-4d4c-aafc-7f8d09d3b8fc,a79537c7-19b5-4626-8353-4f6e1600e5c7,Any,a61e25b3-f4d9-4d4c-aafc-7f8d09d3b8fc,247.4287317,471.9294744,554.1429104,0,0,0,1,,,
d479ed4d-8bc7-4a92-b4d4-e4cf150253be,a61e25b3-f4d9-4d4c-aafc-7f8d09d3b8fc,Any,d479ed4d-8bc7-4a92-b4d4-e4cf150253be,182.3075602,603.7599994,529.4667316,0,0,0,1,,,
e25c8139-ae77-4dd6-a9a0-d57cf39453db,db71456e-a566-4107-b26d-748440f9e35c,Any,e25c8139-ae77-4dd6-a9a0-d57cf39453db,978.4877635,827.4030698,357.6942863,0,0,0,1,,,
56340f55-be9c-4cfb-a6f2-acad60b3efae,662d76a7-a651-4456-9c75-c5f60cec6588,Any,56340f55-be9c-4cfb-a6f2-acad60b3efae,280.7384749,56.6302323,399.2230796,0,0,0,1,,,
0472cb4a-e2e8-488c-8600-2465ebb37811,56340f55-be9c-4cfb-a6f2-acad60b3efae,Any,0472cb4a-e2e8-488c-8600-2465ebb37811,318.3810392,327.7745007,236.0247442,0,0,0,1,,,
bd3688a7-01ce-4eb1-a6c2-169ecea608db,d479ed4d-8bc7-4a92-b4d4-e4cf150253be,Any,bd3688a7-01ce-4eb1-a6c2-169ecea608db,253.7941348,729.9957318,870.0699262,0,0,0,1,,,
094da525-d612-4292-9868-5061355d42d0,d479ed4d-8bc7-4a92-b4d4-e4cf150253be,Any,094da525-d612-4292-9868-5061355d42d0,266.3592796,190.5569468,339.2897072,0,0,0,1,,,
7027a469-3bab-41f6-a1f5-c03fb2422add,d479ed4d-8bc7-4a92-b4d4-e4cf150253be,Any,7027a469-3bab-41f6-a1f5-c03fb2422add,205.7091506,190.8964938,328.0429153,0,0,0,1,,,
a32b4e81-0592-4760-ac12-ff5981303668,56340f55-be9c-4cfb-a6f2-acad60b3efae,Any,a32b4e81-0592-4760-ac12-ff5981303668,22.79291111,810.0406175,183.67905,0,0,0,1,,,
5441c8d3-2456-4fc9-8196-0c82a7a63f49,7027a469-3bab-41f6-a1f5-c03fb2422add,Any,5441c8d3-2456-4fc9-8196-0c82a7a63f49,56.51874568,249.2605191,418.2743637,0,0,0,1,,,
a0d48f9d-da28-46f5-be79-c0a53f194f46,662d76a7-a651-4456-9c75-c5f60cec6588,Any,a0d48f9d-da28-46f5-be79-c0a53f194f46,41.22155564,576.5919361,324.7117881,0,0,0,1,,,
66f28705-e8f5-4156-801e-2f568993db1d,7027a469-3bab-41f6-a1f5-c03fb2422add,Any,66f28705-e8f5-4156-801e-2f568993db1d,74.55756582,925.6717086,873.7945845,0,0,0,1,,,
702be547-76b3-4018-bcc3-2db9b1832f08,a32b4e81-0592-4760-ac12-ff5981303668,Any,702be547-76b3-4018-bcc3-2db9b1832f08,479.5135561,365.8130298,598.4786931,0,0,0,1,,,
2e5195c8-549c-4230-af94-2d13df38ad3f,702be547-76b3-4018-bcc3-2db9b1832f08,Any,2e5195c8-549c-4230-af94-2d13df38ad3f,681.4783622,490.0905968,292.3722703,0,0,0,1,,,
3e385e84-b399-4b4c-84b3-ab9f2d30feff,662d76a7-a651-4456-9c75-c5f60cec6588,Any,3e385e84-b399-4b4c-84b3-ab9f2d30feff,975.8191793,454.8608139,833.2839182,0,0,0,1,,,
2a3a5a5a-2a0e-4489-b5c0-be79aa0da121,702be547-76b3-4018-bcc3-2db9b1832f08,Any,2a3a5a5a-2a0e-4489-b5c0-be79aa0da121,53.96215233,663.9013441,548.9699498,0,0,0,1,,,
94083616-086c-4c5d-ab6a-51e6b2c3e72a,662d76a7-a651-4456-9c75-c5f60cec6588,Any,94083616-086c-4c5d-ab6a-51e6b2c3e72a,921.2595586,484.0117769,829.453458,0,0,0,1,,,
c14b04c1-86cb-4a57-bd44-2f2f7c6de362,2a3a5a5a-2a0e-4489-b5c0-be79aa0da121,Any,c14b04c1-86cb-4a57-bd44-2f2f7c6de362,940.6911291,722.1925037,729.0931964,0,0,0,1,,,
d9ed9de0-d06f-4c19-bebe-a0c35df422bf,94083616-086c-4c5d-ab6a-51e6b2c3e72a,Any,d9ed9de0-d06f-4c19-bebe-a0c35df422bf,545.5713819,681.053593,579.1043886,0,0,0,1,,,
34728825-cdf9-47bc-afbf-fb0652c16813,2a3a5a5a-2a0e-4489-b5c0-be79aa0da121,Any,34728825-cdf9-47bc-afbf-fb0652c16813,938.3842647,194.704849,947.9554629,0,0,0,1,,,
f814e8bf-1bca-4769-819a-bd52ffe1dbf1,d9ed9de0-d06f-4c19-bebe-a0c35df422bf,Any,f814e8bf-1bca-4769-819a-bd52ffe1dbf1,18.21566866,925.0166591,804.2954443,0,0,0,1,,,
72484749-f353-4d15-9269-821e0c6fbf02,d9ed9de0-d06f-4c19-bebe-a0c35df422bf,Any,72484749-f353-4d15-9269-821e0c6fbf02,231.9882412,707.4130628,887.6161304,0,0,0,1,,,
99d5ab20-158a-4a9b-bed6-1faa3ae7d811,662d76a7-a651-4456-9c75-c5f60cec6588,Any,99d5ab20-158a-4a9b-bed6-1faa3ae7d811,346.6270398,339.2471397,467.4773709,0,0,0,1,,,
4f5b7b2d-90ca-4722-a426-314aeb3e2579,99d5ab20-158a-4a9b-bed6-1faa3ae7d811,Any,4f5b7b2d-90ca-4722-a426-314aeb3e2579,653.3231209,805.4812134,0.378385495,0,0,0,1,,,
456faac4-a995-44a0-9792-e328110d78e4,4f5b7b2d-90ca-4722-a426-314aeb3e2579,Any,456faac4-a995-44a0-9792-e328110d78e4,383.9506173,921.5564958,734.8482568,0,0,0,1,,,
952e2c4c-541c-49fe-bd73-84389655a261,456faac4-a995-44a0-9792-e328110d78e4,Any,952e2c4c-541c-49fe-bd73-84389655a261,102.3514468,986.894094,297.5812997,0,0,0,1,,,
c05465bc-01f4-4686-be80-9ae984a7c00a,34728825-cdf9-47bc-afbf-fb0652c16813,Any,c05465bc-01f4-4686-be80-9ae984a7c00a,78.22697222,884.5143755,330.4675131,0,0,0,1,,,
e2832019-b8ca-40b8-a8c9-dbdffeb8b481,662d76a7-a651-4456-9c75-c5f60cec6588,Any,e2832019-b8ca-40b8-a8c9-dbdffeb8b481,857.4529923,115.7201051,152.6435536,0,0,0,1,,,
fd574fe8-6d6f-404a-b0fd-bd91435236ba,34728825-cdf9-47bc-afbf-fb0652c16813,Any,fd574fe8-6d6f-404a-b0fd-bd91435236ba,789.2668619,283.9763304,182.022821,0,0,0,1,,,
08838fbc-74de-4249-a46a-4386aa3df9bd,34728825-cdf9-47bc-afbf-fb0652c16813,Any,08838fbc-74de-4249-a46a-4386aa3df9bd,27.24316111,231.1599451,29.92407598,0,0,0,1,,,
d51e616b-db60-4a1e-bb61-f8daa695668c,4f5b7b2d-90ca-4722-a426-314aeb3e2579,Any,d51e616b-db60-4a1e-bb61-f8daa695668c,745.5354514,128.357193,516.0596925,0,0,0,1,,,
8734b873-5712-446f-84e8-7f45d23a24ae,e2832019-b8ca-40b8-a8c9-dbdffeb8b481,Any,8734b873-5712-446f-84e8-7f45d23a24ae,89.17676114,958.5266567,655.8450587,0,0,0,1,,,
35b80e2f-065b-4239-a91a-0ec955c61954,e2832019-b8ca-40b8-a8c9-dbdffeb8b481,Any,35b80e2f-065b-4239-a91a-0ec955c61954,538.1837501,960.7710208,429.5758589,0,0,0,1,,,
eacea543-9450-44c9-b53f-d24953dcd75b,662d76a7-a651-4456-9c75-c5f60cec6588,Any,eacea543-9450-44c9-b53f-d24953dcd75b,988.1906467,964.3850388,396.6815761,0,0,0,1,,,
2eb00e7f-d288-4ad0-b7ce-fd6e8b3896e1,eacea543-9450-44c9-b53f-d24953dcd75b,Any,2eb00e7f-d288-4ad0-b7ce-fd6e8b3896e1,271.7910094,298.4152753,662.5473576,0,0,0,1,,,
f6c1e3ad-2bdf-48f0-8a41-3b2422596395,d51e616b-db60-4a1e-bb61-f8daa695668c,Any,f6c1e3ad-2bdf-48f0-8a41-3b2422596395,143.5411059,213.5714222,462.5598775,0,0,0,1,,,
8e62c188-e6bb-415f-a8c4-4d2ebeb2c656,eacea543-9450-44c9-b53f-d24953dcd75b,Any,8e62c188-e6bb-415f-a8c4-4d2ebeb2c656,260.3658886,744.5325797,305.695037,0,0,0,1,,,
61425390-0042-4281-80ce-1dedc2c436d2,34728825-cdf9-47bc-afbf-fb0652c16813,Any,61425390-0042-4281-80ce-1dedc2c436d2,999.1640558,190.559141,924.9464119,0,0,0,1,,,
2fd20d2d-5cfa-41ae-99fd-8623d9a64f1c,d51e616b-db60-4a1e-bb61-f8daa695668c,Any,2fd20d2d-5cfa-41ae-99fd-8623d9a64f1c,975.1108981,404.9653294,657.9290765,0,0,0,1,,,
577ef331-eb94-440f-9b4c-ee8f231224e0,eacea543-9450-44c9-b53f-d24953dcd75b,Any,577ef331-eb94-440f-9b4c-ee8f231224e0,930.9366657,947.250874,23.55033406,0,0,0,1,,,
95e812d8-1023-456c-9120-1c9b568148bd,662d76a7-a651-4456-9c75-c5f60cec6588,Any,95e812d8-1023-456c-9120-1c9b568148bd,495.8374417,898.147007,204.7990815,0,0,0,1,,,
b64ae8fa-07d8-4b77-a442-007ed6276b63,577ef331-eb94-440f-9b4c-ee8f231224e0,Any,b64ae8fa-07d8-4b77-a442-007ed6276b63,225.9217785,981.4673746,569.484591,0,0,0,1,,,
b288ed33-3959-42cf-8e05-cf33a10cf486,95e812d8-1023-456c-9120-1c9b568148bd,Any,b288ed33-3959-42cf-8e05-cf33a10cf486,746.2553135,316.6164675,79.42596293,0,0,0,1,,,
640e684d-0041-49a6-add2-6e1d782eecb1,2fd20d2d-5cfa-41ae-99fd-8623d9a64f1c,Any,640e684d-0041-49a6-add2-6e1d782eecb1,188.5672402,538.0398397,391.9939083,0,0,0,1,,,
fa6d2d77-e3dc-4287-bdba-1d6bb4cd28b1,2fd20d2d-5cfa-41ae-99fd-8623d9a64f1c,Any,fa6d2d77-e3dc-4287-bdba-1d6bb4cd28b1,390.2331882,27.77578393,605.2416235,0,0,0,1,,,
eb413c4f-d62b-49e0-b9d7-78485cc20751,2fd20d2d-5cfa-41ae-99fd-8623d9a64f1c,Any,eb413c4f-d62b-49e0-b9d7-78485cc20751,131.7972119,80.06795954,120.7253417,0,0,0,1,,,
32ca2d50-f290-4749-9775-fb39103d12e4,2fd20d2d-5cfa-41ae-99fd-8623d9a64f1c,Any,32ca2d50-f290-4749-9775-fb39103d12e4,114.4672917,770.9964071,987.4839654,0,0,0,1,,,
ed0ad2a1-61cb-4aaf-913b-2575a8622aeb,2fd20d2d-5cfa-41ae-99fd-8623d9a64f1c,Any,ed0ad2a1-61cb-4aaf-913b-2575a8622aeb,162.8901316,799.9156325,481.587574,0,0,0,1,,,
d44eddb8-ff8e-4a5c-9a70-4a825629f388,662d76a7-a651-4456-9c75-c5f60cec6588,Any,d44eddb8-ff8e-4a5c-9a70-4a825629f388,628.7982299,64.09381401,388.8154676,0,0,0,1,,,
6a5ccf97-8118-4c25-b775-331335a1a21e,ed0ad2a1-61cb-4aaf-913b-2575a8622aeb,Any,6a5ccf97-8118-4c25-b775-331335a1a21e,308.6357898,528.0567062,159.0294179,0,0,0,1,,,
f0948533-9a22-46c6-85ca-77ceb60d1ac8,d44eddb8-ff8e-4a5c-9a70-4a825629f388,Any,f0948533-9a22-46c6-85ca-77ceb60d1ac8,761.8106283,620.3610014,474.0662913,0,0,0,1,,,
2369c237-95d3-4167-b928-c4cdc591d9b7,b64ae8fa-07d8-4b77-a442-007ed6276b63,Any,2369c237-95d3-4167-b928-c4cdc591d9b7,94.40322303,397.1420907,881.7488919,0,0,0,1,,,
dd93bf38-990d-4e17-b3db-f084ac011829,b64ae8fa-07d8-4b77-a442-007ed6276b63,Any,dd93bf38-990d-4e17-b3db-f084ac011829,847.9513641,138.217298,851.2716078,0,0,0,1,,,
132bfce8-b21a-4b61-8d9b-709094540b4f,ed0ad2a1-61cb-4aaf-913b-2575a8622aeb,Any,132bfce8-b21a-4b61-8d9b-709094540b4f,751.15172,809.8712638,36.65714165,0,0,0,1,,,
60ba5cd9-be0b-476d-8ee0-2201b2772536,dd93bf38-990d-4e17-b3db-f084ac011829,Any,60ba5cd9-be0b-476d-8ee0-2201b2772536,87.59992225,996.581225,494.0768394,0,0,0,1,,,
cb050479-f01c-454d-8eb9-0449cd6dd82b,dd93bf38-990d-4e17-b3db-f084ac011829,Any,cb050479-f01c-454d-8eb9-0449cd6dd82b,369.5302981,233.8123084,819.6591477,0,0,0,1,,,
e69bbdb0-bbf7-4b8a-a66d-be64523b6374,d44eddb8-ff8e-4a5c-9a70-4a825629f388,Any,e69bbdb0-bbf7-4b8a-a66d-be64523b6374,258.2322858,812.8548342,598.2176704,0,0,0,1,,,
0e953e15-9435-4f71-b838-33f0b0d45f80,b64ae8fa-07d8-4b77-a442-007ed6276b63,Any,0e953e15-9435-4f71-b838-33f0b0d45f80,407.0247233,676.0262651,561.8246688,0,0,0,1,,,
45ad09ee-4c32-4fa0-b09d-42c4e2659d3f,0e953e15-9435-4f71-b838-33f0b0d45f80,Any,45ad09ee-4c32-4fa0-b09d-42c4e2659d3f,932.4168401,940.1871738,682.7874911,0,0,0,1,,,
e7a4c974-5d99-4272-93d6-b8e420c2ce78,e69bbdb0-bbf7-4b8a-a66d-be64523b6374,Any,e7a4c974-5d99-4272-93d6-b8e420c2ce78,666.0313494,37.88575581,448.4893932,0,0,0,1,,,
52f1474a-8ab6-48da-9fd5-536155939c1f,d44eddb8-ff8e-4a5c-9a70-4a825629f388,Any,52f1474a-8ab6-48da-9fd5-536155939c1f,155.4772963,296.3285987,583.4289302,0,0,0,1,,,
edc66a91-0a09-49e8-adf6-1363ba0edb36,45ad09ee-4c32-4fa0-b09d-42c4e2659d3f,Any,edc66a91-0a09-49e8-adf6-1363ba0edb36,494.3920458,972.8823769,865.3676412,0,0,0,1,,,
159fde77-3517-4f3f-9f97-6441d5d30884,662d76a7-a651-4456-9c75-c5f60cec6588,Any,159fde77-3517-4f3f-9f97-6441d5d30884,448.8081667,371.5887281,158.169754,0,0,0,1,,,
16d0d25a-aa11-4e94-9fac-4c79a0a8c7c7,662d76a7-a651-4456-9c75-c5f60cec6588,Any,16d0d25a-aa11-4e94-9fac-4c79a0a8c7c7,19.88133531,528.6035256,457.7146431,0,0,0,1,,,
1bc35760-2bec-4f70-9997-1384d0344017,52f1474a-8ab6-48da-9fd5-536155939c1f,Any,1bc35760-2bec-4f70-9997-1384d0344017,2.723670604,770.5244774,109.0771102,0,0,0,1,,,
202fd3a8-3c78-4376-b1a4-116cde31eb84,45ad09ee-4c32-4fa0-b09d-42c4e2659d3f,Any,202fd3a8-3c78-4376-b1a4-116cde31eb84,623.4402583,275.2592013,936.5574457,0,0,0,1,,,
d32d0af5-542f-4189-a498-38de0d6dd2be,1bc35760-2bec-4f70-9997-1384d0344017,Any,d32d0af5-542f-4189-a498-38de0d6dd2be,740.5069298,441.6327038,460.2849174,0,0,0,1,,,
b5ecf205-f985-4432-9248-4290d399ef1e,d32d0af5-542f-4189-a498-38de0d6dd2be,Any,b5ecf205-f985-4432-9248-4290d399ef1e,206.4048109,166.0794057,460.7195439,0,0,0,1,,,
b8a64217-b4af-4638-b941-24c36b321e81,52f1474a-8ab6-48da-9fd5-536155939c1f,Any,b8a64217-b4af-4638-b941-24c36b321e81,83.24992368,921.0660561,409.9440621,0,0,0,1,,,
b194ca1a-eb06-4fec-a73a-2aac9042c051,52f1474a-8ab6-48da-9fd5-536155939c1f,Any,b194ca1a-eb06-4fec-a73a-2aac9042c051,373.5481766,876.5531349,617.6337846,0,0,0,1,,,
17ad0401-4036-4637-a463-cf6bc9925457,b5ecf205-f985-4432-9248-4290d399ef1e,Any,17ad0401-4036-4637-a463-cf6bc9925457,539.0383267,330.2875316,827.2071275,0,0,0,1,,,
b60d8094-d396-408f-a446-442e835f57b0,b5ecf205-f985-4432-9248-4290d399ef1e,Any,b60d8094-d396-408f-a446-442e835f57b0,543.4136854,310.6404503,269.1538992,0,0,0,1,,,
e3a0c904-2512-4914-b40b-e8c5459db7dd,b5ecf205-f985-4432-9248-4290d399ef1e,Any,e3a0c904-2512-4914-b40b-e8c5459db7dd,986.9896482,361.0809412,794.1503304,0,0,0,1,,,
98203f0b-6f62-427f-98cc-83b03d4b1ebb,b194ca1a-eb06-4fec-a73a-2aac9042c051,Any,98203f0b-6f62-427f-98cc-83b03d4b1ebb,112.9184901,79.04263089,763.8253923,0,0,0,1,,,
5695c575-da43-4b98-bfb0-89dc7008bcca,b194ca1a-eb06-4fec-a73a-2aac9042c051,Any,5695c575-da43-4b98-bfb0-89dc7008bcca,132.4782338,444.5700227,325.3707172,0,0,0,1,,,
833ccd40-9cf6-418e-85a0-a56535c41471,16d0d25a-aa11-4e94-9fac-4c79a0a8c7c7,Any,833ccd40-9cf6-418e-85a0-a56535c41471,16.15495411,90.84528469,298.9427733,0,0,0,1,,,
67bb464a-e6d0-4c69-9980-a367c1369194,662d76a7-a651-4456-9c75-c5f60cec6588,Any,67bb464a-e6d0-4c69-9980-a367c1369194,713.7649226,501.0078523,53.48758283,0,0,0,1,,,
d3fe4564-a5ec-4b94-bc6b-c87a7894f84f,5695c575-da43-4b98-bfb0-89dc7008bcca,Any,d3fe4564-a5ec-4b94-bc6b-c87a7894f84f,777.2928107,58.82739883,975.3461414,0,0,0,1,,,
12bdd2bf-1064-4bca-9c4a-8c5516fc0b94,b194ca1a-eb06-4fec-a73a-2aac9042c051,Any,12bdd2bf-1064-4bca-9c4a-8c5516fc0b94,938.2601776,108.1881321,718.381535,0,0,0,1,,,
1dfb5fc6-bf38-43a9-a6f0-4b8f7094b7f7,d3fe4564-a5ec-4b94-bc6b-c87a7894f84f,Any,1dfb5fc6-bf38-43a9-a6f0-4b8f7094b7f7,980.6183434,821.3690668,131.2285376,0,0,0,1,,,
c68156a4-d55a-4048-8c92-4fe728a3c593,b194ca1a-eb06-4fec-a73a-2aac9042c051,Any,c68156a4-d55a-4048-8c92-4fe728a3c593,196.5552072,535.625967,783.78475,0,0,0,1,,,
c125812e-2b59-414c-becc-579d7f531052,b194ca1a-eb06-4fec-a73a-2aac9042c051,Any,c125812e-2b59-414c-becc-579d7f531052,810.8089723,637.035498,118.61774,0,0,0,1,,,
37135566-dc2a-48ec-915d-4fb49126d4ee,662d76a7-a651-4456-9c75-c5f60cec6588,Any,37135566-dc2a-48ec-915d-4fb49126d4ee,449.8361913,702.5900199,202.1136473,0,0,0,1,,,
779bdfd8-e98c-48c4-ae2a-ac1af1c3e328,37135566-dc2a-48ec-915d-4fb49126d4ee,Any,779bdfd8-e98c-48c4-ae2a-ac1af1c3e328,228.4620375,185.9531172,400.3063499,0,0,0,1,,,
f8c4c2fb-4ffe-4fac-8ac3-3b64f5e7b5dd,c125812e-2b59-414c-becc-579d7f531052,Any,f8c4c2fb-4ffe-4fac-8ac3-3b64f5e7b5dd,216.4791569,602.2807076,938.2946455,0,0,0,1,,,
48f37108-ced2-4499-927a-f04c28f1a2b2,37135566-dc2a-48ec-915d-4fb49126d4ee,Any,48f37108-ced2-4499-927a-f04c28f1a2b2,92.04811307,785.5166683,433.2171884,0,0,0,1,,,
64c50923-8694-4b90-a5b4-ab212e6ada95,48f37108-ced2-4499-927a-f04c28f1a2b2,Any,64c50923-8694-4b90-a5b4-ab212e6ada95,85.16477547,481.215085,924.7899047,0,0,0,1,,,
123ee9cc-fa15-487d-ba77-31b5d2fa33ed,f8c4c2fb-4ffe-4fac-8ac3-3b64f5e7b5dd,Any,123ee9cc-fa15-487d-ba77-31b5d2fa33ed,546.7500979,569.6489147,976.0671774,0,0,0,1,,,
31ad096c-41f1-4f79-bc9c-8d9fec72bba6,c125812e-2b59-414c-becc-579d7f531052,Any,31ad096c-41f1-4f79-bc9c-8d9fec72bba6,385.0328558,810.0416252,132.2130216,0,0,0,1,,,
4332e034-2be3-4d1d-90b7-5ea9c01d5334,64c50923-8694-4b90-a5b4-ab212e6ada95,Any,4332e034-2be3-4d1d-90b7-5ea9c01d5334,17.92749855,845.1858576,394.550836,0,0,0,1,,,
20612a04-5672-4d91-99df-edc6a53d3dc5,64c50923-8694-4b90-a5b4-ab212e6ada95,Any,20612a04-5672-4d91-99df-edc6a53d3dc5,429.6964501,368.2021212,129.8382105,0,0,0,1,,,
d2e7dda2-622f-429e-a686-6bcca7e36edf,48f37108-ced2-4499-927a-f04c28f1a2b2,Any,d2e7dda2-622f-429e-a686-6bcca7e36edf,872.0802458,852.8980034,480.4259517,0,0,0,1,,,
edecd224-f2e9-41fa-b6c9-60d20848aed6,20612a04-5672-4d91-99df-edc6a53d3dc5,Any,edecd224-f2e9-41fa-b6c9-60d20848aed6,540.2026915,15.37685632,610.2902663,0,0,0,1,,,
cdee7419-d546-4839-b7e0-57a1ac4d69b4,662d76a7-a651-4456-9c75-c5f60cec6588,Any,cdee7419-d546-4839-b7e0-57a1ac4d69b4,750.585904,968.5061333,477.5177849,0,0,0,1,,,
5b7f6497-8944-41fc-87b0-d5b833393763,d2e7dda2-622f-429e-a686-6bcca7e36edf,Any,5b7f6497-8944-41fc-87b0-d5b833393763,106.0573855,382.1104255,53.75812429,0,0,0,1,,,
53d5e14a-6f4e-4bf3-a80d-415b639b8621,d2e7dda2-622f-429e-a686-6bcca7e36edf,Any,53d5e14a-6f4e-4bf3-a80d-415b639b8621,535.1829732,253.5002921,834.1102389,0,0,0,1,,,
1269430a-b48f-4007-890d-2b50f976a4c8,662d76a7-a651-4456-9c75-c5f60cec6588,Any,1269430a-b48f-4007-890d-2b50f976a4c8,554.4159285,878.1818354,549.6041012,0,0,0,1,,,
43a44fd6-4d72-4f10-a9ac-0574141bdcfa,1269430a-b48f-4007-890d-2b50f976a4c8,Any,43a44fd6-4d72-4f10-a9ac-0574141bdcfa,193.400062,575.8934232,995.3119955,0,0,0,1,,,
cb4a677d-0851-4bf3-af47-275ff2d4800f,d2e7dda2-622f-429e-a686-6bcca7e36edf,Any,cb4a677d-0851-4bf3-af47-275ff2d4800f,617.7270409,577.2518606,713.9000673,0,0,0,1,,,
640cf492-08b6-4350-b7a1-14dd40b09c5a,edecd224-f2e9-41fa-b6c9-60d20848aed6,Any,640cf492-08b6-4350-b7a1-14dd40b09c5a,789.4152993,76.20530807,216.3242247,0,0,0,1,,,
9c2a55a8-b785-445a-baf3-749b79ac1e93,43a44fd6-4d72-4f10-a9ac-0574141bdcfa,Any,9c2a55a8-b785-445a-baf3-749b79ac1e93,468.2104355,27.28744759,265.5642914,0,0,0,1,,,
5c848762-8dd1-4fe5-aba8-c98ae590d7f0,662d76a7-a651-4456-9c75-c5f60cec6588,Any,5c848762-8dd1-4fe5-aba8-c98ae590d7f0,243.7309611,324.1064725,914.2878469,0,0,0,1,,,
f7aae3d6-ddc7-43d3-a940-db19c7d6038c,9c2a55a8-b785-445a-baf3-749b79ac1e93,Any,f7aae3d6-ddc7-43d3-a940-db19c7d6038c,999.5140735,460.7519052,117.2197954,0,0,0,1,,,
8afe557d-0eb9-42f8-be8e-78886f7f6c23,edecd224-f2e9-41fa-b6c9-60d20848aed6,Any,8afe557d-0eb9-42f8-be8e-78886f7f6c23,66.66996124,669.1342238,932.7817847,0,0,0,1,,,
837c5d73-e30d-436e-98d5-f3f416944d4f,5c848762-8dd1-4fe5-aba8-c98ae590d7f0,Any,837c5d73-e30d-436e-98d5-f3f416944d4f,643.7362114,737.0448122,969.536646,0,0,0,1,,,
b80950d6-2564-4cc2-8246-dcd3e2ce5065,662d76a7-a651-4456-9c75-c5f60cec6588,Any,b80950d6-2564-4cc2-8246-dcd3e2ce5065,661.474612,488.245915,588.0721943,0,0,0,1,,,
7949fead-88c3-4250-8885-e7da81ddd1fd,edecd224-f2e9-41fa-b6c9-60d20848aed6,Any,7949fead-88c3-4250-8885-e7da81ddd1fd,462.4744632,729.1337258,996.4582324,0,0,0,1,,,
ba2fec38-cf1b-4ce6-9683-0ef489ad59e0,edecd224-f2e9-41fa-b6c9-60d20848aed6,Any,ba2fec38-cf1b-4ce6-9683-0ef489ad59e0,878.2725134,696.4766158,259.2349248,0,0,0,1,,,
dbd73bcf-d8e1-4d9b-8d99-9a25a86b37fa,edecd224-f2e9-41fa-b6c9-60d20848aed6,Any,dbd73bcf-d8e1-4d9b-8d99-9a25a86b37fa,672.3501947,974.1337004,724.1256168,0,0,0,1,,,
8fa92749-1958-4150-ba2c-1a452f758abe,9c2a55a8-b785-445a-baf3-749b79ac1e93,Any,8fa92749-1958-4150-ba2c-1a452f758abe,485.9110783,67.88626025,716.6075595,0,0,0,1,,,
2d8aa9fa-9153-43ca-ba23-4a4d20e62c79,b80950d6-2564-4cc2-8246-dcd3e2ce5065,Any,2d8aa9fa-9153-43ca-ba23-4a4d20e62c79,845.6292759,615.4121898,397.9315658,0,0,0,1,,,
6694ca6d-d9ed-41e4-aef0-39b360789aff,edecd224-f2e9-41fa-b6c9-60d20848aed6,Any,6694ca6d-d9ed-41e4-aef0-39b360789aff,485.2095983,190.7266904,733.3293903,0,0,0,1,,,
3950d78c-608c-4cdf-9d15-e0560fa44b7b,9c2a55a8-b785-445a-baf3-749b79ac1e93,Any,3950d78c-608c-4cdf-9d15-e0560fa44b7b,727.2966745,216.7665759,437.6713912,0,0,0,1,,,
f1551237-8007-4b6c-b94a-ae4d379c8650,edecd224-f2e9-41fa-b6c9-60d20848aed6,Any,f1551237-8007-4b6c-b94a-ae4d379c8650,986.0017778,801.8304498,60.48380945,0,0,0,1,,,
551ad89f-ff64-4dd9-a12c-e30307e40bce,edecd224-f2e9-41fa-b6c9-60d20848aed6,Any,551ad89f-ff64-4dd9-a12c-e30307e40bce,990.2677051,252.987726,283.4596838,0,0,0,1,,,
26c5e7d8-3b67-4ff9-b361-1aae6dff70a5,9c2a55a8-b785-445a-baf3-749b79ac1e93,Any,26c5e7d8-3b67-4ff9-b361-1aae6dff70a5,539.3933197,8.443327204,496.4406204,0,0,0,1,,,
e3e0b23b-fad0-45de-9134-72e757c09314,9c2a55a8-b785-445a-baf3-749b79ac1e93,Any,e3e0b23b-fad0-45de-9134-72e757c09314,293.6622737,477.773184,771.6545742,0,0,0,1,,,
e5369dac-26f5-4f92-a624-ea08f0f0c6b9,2d8aa9fa-9153-43ca-ba23-4a4d20e62c79,Any,e5369dac-26f5-4f92-a624-ea08f0f0c6b9,450.2739872,938.9740335,426.3913763,0,0,0,1,,,
8aee6148-3eeb-448b-89e9-5c67cb9c613a,e3e0b23b-fad0-45de-9134-72e757c09314,Any,8aee6148-3eeb-448b-89e9-5c67cb9c613a,240.3692214,100.1165301,84.88963349,0,0,0,1,,,
69d98e29-e7b4-42f7-9950-4c572e262e9d,e5369dac-26f5-4f92-a624-ea08f0f0c6b9,Any,69d98e29-e7b4-42f7-9950-4c572e262e9d,694.6045096,102.2885429,951.4550266,0,0,0,1,,,
3c53dd51-632b-462a-8aee-4596b66d4e6b,e5369dac-26f5-4f92-a624-ea08f0f0c6b9,Any,3c53dd51-632b-462a-8aee-4596b66d4e6b,780.2182284,131.8272586,46.7869194,0,0,0,1,,,
6a814093-93e3-414a-98f5-8433958ae37b,3c53dd51-632b-462a-8aee-4596b66d4e6b,Any,6a814093-93e3-414a-98f5-8433958ae37b,531.2696043,517.1656682,180.6433882,0,0,0,1,,,
78605f18-a08d-4ae8-b748-28ba454bf909,b80950d6-2564-4cc2-8246-dcd3e2ce5065,Any,78605f18-a08d-4ae8-b748-28ba454bf909,368.8672328,341.7953316,92.42913358,0,0,0,1,,,
bcea1f74-c306-41fe-aa95-ab2b2643b58b,662d76a7-a651-4456-9c75-c5f60cec6588,Any,bcea1f74-c306-41fe-aa95-ab2b2643b58b,19.53216803,454.9152689,206.6221869,0,0,0,1,,,
4588207d-fc2e-449e-a85b-e550aee42f02,3c53dd51-632b-462a-8aee-4596b66d4e6b,Any,4588207d-fc2e-449e-a85b-e550aee42f02,525.769306,209.228797,919.6547653,0,0,0,1,,,
83a1cf9a-ff84-456b-bbdc-cef3a6c8b036,4588207d-fc2e-449e-a85b-e550aee42f02,Any,83a1cf9a-ff84-456b-bbdc-cef3a6c8b036,528.2835001,289.0042795,359.0158238,0,0,0,1,,,
177ca8f1-70ef-4530-af1d-eb13ff703a93,3c53dd51-632b-462a-8aee-4596b66d4e6b,Any,177ca8f1-70ef-4530-af1d-eb13ff703a93,142.1739155,122.0017801,704.9170385,0,0,0,1,,,
7372344b-23ce-4b40-922e-6fc2fa56e930,3c53dd51-632b-462a-8aee-4596b66d4e6b,Any,7372344b-23ce-4b40-922e-6fc2fa56e930,951.0489511,212.232776,577.9363119,0,0,0,1,,,
65016d63-0c10-4128-a529-4d41469bd158,bcea1f74-c306-41fe-aa95-ab2b2643b58b,Any,65016d63-0c10-4128-a529-4d41469bd158,107.7763144,445.5168382,681.4709575,0,0,0,1,,,
5baa2808-3401-4f13-8df9-2037774e6921,7372344b-23ce-4b40-922e-6fc2fa56e930,Any,5baa2808-3401-4f13-8df9-2037774e6921,976.9396138,183.9027969,536.6169001,0,0,0,1,,,
2edd2807-a3c1-46ca-81c0-ce2621212967,662d76a7-a651-4456-9c75-c5f60cec6588,Any,2edd2807-a3c1-46ca-81c0-ce2621212967,109.7194257,601.503073,459.3356937,0,0,0,1,,,
91133aeb-3a67-43df-aa20-ac2573bc36f1,3c53dd51-632b-462a-8aee-4596b66d4e6b,Any,91133aeb-3a67-43df-aa20-ac2573bc36f1,913.0918387,657.2726099,728.6933532,0,0,0,1,,,
ad3864ed-3290-4323-b439-34609642fa8c,3c53dd51-632b-462a-8aee-4596b66d4e6b,Any,ad3864ed-3290-4323-b439-34609642fa8c,416.5455337,655.0307022,571.4278194,0,0,0,1,,,
1c7b30c5-750b-4ceb-bce7-0675619c6963,3c53dd51-632b-462a-8aee-4596b66d4e6b,Any,1c7b30c5-750b-4ceb-bce7-0675619c6963,177.0791644,408.4073981,705.0707739,0,0,0,1,,,
ff62c065-0cf9-4bd4-8a60-ca3e8b01acb7,e5369dac-26f5-4f92-a624-ea08f0f0c6b9,Any,ff62c065-0cf9-4bd4-8a60-ca3e8b01acb7,824.7765184,609.1106067,339.2066242,0,0,0,1,,,
6074e68e-bdfc-49dd-a69a-7d94d9134264,662d76a7-a651-4456-9c75-c5f60cec6588,Any,6074e68e-bdfc-49dd-a69a-7d94d9134264,584.3155276,520.8117576,481.9086494,0,0,0,1,,,
cc543d22-3288-46ab-ba8e-12a609407203,1c7b30c5-750b-4ceb-bce7-0675619c6963,Any,cc543d22-3288-46ab-ba8e-12a609407203,151.6334682,561.2604441,635.9322936,0,0,0,1,,,
9db2f123-e0b6-44b4-bd8d-66963ede9377,e5369dac-26f5-4f92-a624-ea08f0f0c6b9,Any,9db2f123-e0b6-44b4-bd8d-66963ede9377,552.4789324,174.9067833,697.6772131,0,0,0,1,,,
04d0bf30-7129-4192-a25c-fccc09ef0af9,9db2f123-e0b6-44b4-bd8d-66963ede9377,Any,04d0bf30-7129-4192-a25c-fccc09ef0af9,635.0910313,104.7821233,533.1794371,0,0,0,1,,,
5a27b4e4-d2bf-4ea6-bdd2-7bb9a80f03a4,662d76a7-a651-4456-9c75-c5f60cec6588,Any,5a27b4e4-d2bf-4ea6-bdd2-7bb9a80f03a4,605.2947367,829.55148,965.4221002,0,0,0,1,,,
4ecf4c0b-1174-47a7-b5bd-e42562bd54f1,9db2f123-e0b6-44b4-bd8d-66963ede9377,Any,4ecf4c0b-1174-47a7-b5bd-e42562bd54f1,76.74429897,699.8991923,371.1218277,0,0,0,1,,,
6691cd79-5aa1-4ddc-9061-b8815cfd53a5,662d76a7-a651-4456-9c75-c5f60cec6588,Any,6691cd79-5aa1-4ddc-9061-b8815cfd53a5,232.1543192,435.9636162,801.7480764,0,0,0,1,,,
f514a4a4-fc1b-4522-a203-b4859328d1c7,65016d63-0c10-4128-a529-4d41469bd158,Any,f514a4a4-fc1b-4522-a203-b4859328d1c7,744.255173,47.77325052,889.0270715,0,0,0,1,,,
3dc04cdc-2022-48a9-9a58-0fc9925d1c10,f514a4a4-fc1b-4522-a203-b4859328d1c7,Any,3dc04cdc-2022-48a9-9a58-0fc9925d1c10,294.692558,108.1981051,323.0362567,0,0,0,1,,,
7fb68748-a6b9-497e-9483-dcf0c0868f25,6691cd79-5aa1-4ddc-9061-b8815cfd53a5,Any,7fb68748-a6b9-497e-9483-dcf0c0868f25,300.0722052,285.2381879,448.4489221,0,0,0,1,,,
b9df8a01-addd-4062-b3e6-c1bfe89a6ad5,6691cd79-5aa1-4ddc-9061-b8815cfd53a5,Any,b9df8a01-addd-4062-b3e6-c1bfe89a6ad5,51.26314876,21.78170378,898.6034477,0,0,0,1,,,
a5f0f84b-9959-4749-ae1e-ecc4ddedc7a9,6691cd79-5aa1-4ddc-9061-b8815cfd53a5,Any,a5f0f84b-9959-4749-ae1e-ecc4ddedc7a9,955.7609732,874.6450237,825.4133798,0,0,0,1,,,
8a408b9c-d0fc-4704-83f5-7d1bbdc77eda,3dc04cdc-2022-48a9-9a58-0fc9925d1c10,Any,8a408b9c-d0fc-4704-83f5-7d1bbdc77eda,824.8029669,765.8455445,259.2176,0,0,0,1,,,
781437f5-1feb-4b58-8ae7-bef206456689,3dc04cdc-2022-48a9-9a58-0fc9925d1c10,Any,781437f5-1feb-4b58-8ae7-bef206456689,276.4926056,127.9006199,494.104201,0,0,0,1,,,
07e0169b-0932-47a3-a525-e02325124ee3,6691cd79-5aa1-4ddc-9061-b8815cfd53a5,Any,07e0169b-0932-47a3-a525-e02325124ee3,970.5886234,25.08471409,156.6966083,0,0,0,1,,,
10837a9e-0fe3-46dc-ad17-a910f7bfb8ae,781437f5-1feb-4b58-8ae7-bef206456689,Any,10837a9e-0fe3-46dc-ad17-a910f7bfb8ae,213.7628813,644.6471961,703.5655692,0,0,0,1,,,
09c81e39-df60-4d97-9197-ce81e1419c89,781437f5-1feb-4b58-8ae7-bef206456689,Any,09c81e39-df60-4d97-9197-ce81e1419c89,121.9742669,763.2084259,864.1891319,0,0,0,1,,,
b159dc12-dcf1-4fed-9e68-3df6cac4d908,3dc04cdc-2022-48a9-9a58-0fc9925d1c10,Any,b159dc12-dcf1-4fed-9e68-3df6cac4d908,266.1751318,980.8868345,748.5531466,0,0,0,1,,,
2a6c656b-2796-4cde-b767-aee04e8814a9,6691cd79-5aa1-4ddc-9061-b8815cfd53a5,Any,2a6c656b-2796-4cde-b767-aee04e8814a9,833.0979686,738.47454,280.9253901,0,0,0,1,,,
357918bb-a066-4d30-b036-2162b7989797,6691cd79-5aa1-4ddc-9061-b8815cfd53a5,Any,357918bb-a066-4d30-b036-2162b7989797,791.9413547,360.5317102,873.9955169,0,0,0,1,,,
036715e9-48f7-4efc-9660-664e4e5d8e7b,662d76a7-a651-4456-9c75-c5f60cec6588,Any,036715e9-48f7-4efc-9660-664e4e5d8e7b,330.5143495,468.2226038,664.1320086,0,0,0,1,,,
d0dc0ee0-39d9-49e6-b29a-6174e6789015,b159dc12-dcf1-4fed-9e68-3df6cac4d908,Any,d0dc0ee0-39d9-49e6-b29a-6174e6789015,330.7370976,237.2888005,101.7327731,0,0,0,1,,,
4b6700fb-59a2-4500-b4d5-481fd8fc64e9,f514a4a4-fc1b-4522-a203-b4859328d1c7,Any,4b6700fb-59a2-4500-b4d5-481fd8fc64e9,213.4737694,372.3486574,353.1089844,0,0,0,1,,,
6d7d3a33-4394-450a-a370-bde49f44e9f9,f514a4a4-fc1b-4522-a203-b4859328d1c7,Any,6d7d3a33-4394-450a-a370-bde49f44e9f9,871.193272,486.7437584,290.4256985,0,0,0,1,,,
f611fb7d-974d-4e82-9db6-4c77a1992a85,662d76a7-a651-4456-9c75-c5f60cec6588,Any,f611fb7d-974d-4e82-9db6-4c77a1992a85,640.2728252,97.94586805,742.6623155,0,0,0,1,,,
4cd00362-cfd3-4ceb-b322-3aa70f3f2ac1,f514a4a4-fc1b-4522-a203-b4859328d1c7,Any,4cd00362-cfd3-4ceb-b322-3aa70f3f2ac1,451.6263898,821.9685046,244.4724141,0,0,0,1,,,
da3f179f-3de6-432d-bd78-410aa1e22cb5,f514a4a4-fc1b-4522-a203-b4859328d1c7,Any,da3f179f-3de6-432d-bd78-410aa1e22cb5,632.5484264,57.22649833,838.3501287,0,0,0,1,,,
4f2b38af-fad5-4857-adb7-8b85745a923b,662d76a7-a651-4456-9c75-c5f60cec6588,Any,4f2b38af-fad5-4857-adb7-8b85745a923b,442.8822846,832.8027688,697.4039152,0,0,0,1,,,
05a8a3fa-feea-4bae-a869-3e462c583e18,da3f179f-3de6-432d-bd78-410aa1e22cb5,Any,05a8a3fa-feea-4bae-a869-3e462c583e18,838.8666117,47.15137965,66.00138526,0,0,0,1,,,
fbc95096-e541-4741-92a1-e0527705f4a9,f514a4a4-fc1b-4522-a203-b4859328d1c7,Any,fbc95096-e541-4741-92a1-e0527705f4a9,969.9536225,342.3755615,12.20166965,0,0,0,1,,,
558cad57-4f9d-4c30-8b27-b70113626d6c,662d76a7-a651-4456-9c75-c5f60cec6588,Any,558cad57-4f9d-4c30-8b27-b70113626d6c,406.3862791,983.7061384,918.8164541,0,0,0,1,,,
dd490c14-e2f2-4384-ad03-9064bdca27cc,357918bb-a066-4d30-b036-2162b7989797,Any,dd490c14-e2f2-4384-ad03-9064bdca27cc,831.1411246,707.6756183,966.0814924,0,0,0,1,,,
8d5ab9c1-5f17-4841-9a11-bf006ed98487,dd490c14-e2f2-4384-ad03-9064bdca27cc,Any,8d5ab9c1-5f17-4841-9a11-bf006ed98487,548.1248324,845.8120714,284.2338756,0,0,0,1,,,
0c8d7749-eecf-435a-aa61-3c757a554a10,dd490c14-e2f2-4384-ad03-9064bdca27cc,Any,0c8d7749-eecf-435a-aa61-3c757a554a10,563.0082037,459.07857,288.4757643,0,0,0,1,,,
14486d01-db42-4652-bce8-7c53f4a93a2d,dd490c14-e2f2-4384-ad03-9064bdca27cc,Any,14486d01-db42-4652-bce8-7c53f4a93a2d,230.1650146,295.2524807,433.7018802,0,0,0,1,,,
c0a417c1-0cea-4945-9f27-57e287cfc22d,662d76a7-a651-4456-9c75-c5f60cec6588,Any,c0a417c1-0cea-4945-9f27-57e287cfc22d,379.3552067,934.6047618,254.4993404,0,0,0,1,,,
403b5027-61bb-4bd1-89d0-d942960d5bfd,357918bb-a066-4d30-b036-2162b7989797,Any,403b5027-61bb-4bd1-89d0-d942960d5bfd,509.2428823,637.6631351,944.1841503,0,0,0,1,,,
42d63dda-7cea-4c43-9d04-cedee60a2244,14486d01-db42-4652-bce8-7c53f4a93a2d,Any,42d63dda-7cea-4c43-9d04-cedee60a2244,671.232201,708.7697436,388.5370514,0,0,0,1,,,
a610a721-5e63-4f96-96d8-9676c1670021,662d76a7-a651-4456-9c75-c5f60cec6588,Any,a610a721-5e63-4f96-96d8-9676c1670021,316.2971816,705.2235827,459.0796179,0,0,0,1,,,
7e9401a6-f3b3-4dd3-8d25-ac009512f15e,42d63dda-7cea-4c43-9d04-cedee60a2244,Any,7e9401a6-f3b3-4dd3-8d25-ac009512f15e,279.189203,489.4733573,726.4744915,0,0,0,1,,,
d89a8b25-28ba-4ba1-892e-91e028bf5d72,14486d01-db42-4652-bce8-7c53f4a93a2d,Any,d89a8b25-28ba-4ba1-892e-91e028bf5d72,394.0688132,586.6009957,752.5443383,0,0,0,1,,,
206dcdae-9c53-4dfb-9741-cc0f1df894d9,a610a721-5e63-4f96-96d8-9676c1670021,Any,206dcdae-9c53-4dfb-9741-cc0f1df894d9,677.3713183,4.707316988,109.0945379,0,0,0,1,,,
ae5eb2a0-90b8-4fde-a4ef-e41cfacca742,403b5027-61bb-4bd1-89d0-d942960d5bfd,Any,ae5eb2a0-90b8-4fde-a4ef-e41cfacca742,67.62849332,83.78024202,689.1257872,0,0,0,1,,,
c71018cd-8213-44df-9b1a-e388f3e1a425,662d76a7-a651-4456-9c75-c5f60cec6588,Any,c71018cd-8213-44df-9b1a-e388f3e1a425,649.573198,538.9125128,212.2075531,0,0,0,1,,,
28e2b691-d2c7-44f0-b7aa-c6d073b0f62a,ae5eb2a0-90b8-4fde-a4ef-e41cfacca742,Any,28e2b691-d2c7-44f0-b7aa-c6d073b0f62a,419.0657925,791.9624945,126.7533239,0,0,0,1,,,
ebc1fafb-2236-47a7-b03f-2e9532f3455d,403b5027-61bb-4bd1-89d0-d942960d5bfd,Any,ebc1fafb-2236-47a7-b03f-2e9532f3455d,690.501495,551.9912157,203.5703768,0,0,0,1,,,
890bdca6-8636-449d-95ed-767e384a04cd,662d76a7-a651-4456-9c75-c5f60cec6588,Any,890bdca6-8636-449d-95ed-767e384a04cd,624.5465545,587.0060528,591.9485168,0,0,0,1,,,
356bea71-da97-481f-9661-70d4be814400,403b5027-61bb-4bd1-89d0-d942960d5bfd,Any,356bea71-da97-481f-9661-70d4be814400,84.12773325,548.5686813,913.2751839,0,0,0,1,,,
faafc50a-2962-4a6c-91a5-cead942fd681,403b5027-61bb-4bd1-89d0-d942960d5bfd,Any,faafc50a-2962-4a6c-91a5-cead942fd681,221.4678748,962.3278894,733.1935959,0,0,0,1,,,
3ff9ca60-bea3-4272-928c-e83b99cdaeba,206dcdae-9c53-4dfb-9741-cc0f1df894d9,Any,3ff9ca60-bea3-4272-928c-e83b99cdaeba,994.1376404,548.8789443,205.6150213,0,0,0,1,,,
4c34bf96-f387-479a-989e-1fd8994b6417,28e2b691-d2c7-44f0-b7aa-c6d073b0f62a,Any,4c34bf96-f387-479a-989e-1fd8994b6417,173.9003565,705.3821984,780.1099606,0,0,0,1,,,
4f8afdcc-7c95-4197-9c1b-88c5f3f0a69f,890bdca6-8636-449d-95ed-767e384a04cd,Any,4f8afdcc-7c95-4197-9c1b-88c5f3f0a69f,998.8071084,578.1930606,183.0571686,0,0,0,1,,,
c5eab733-fcba-4795-b22d-740c91ae2a90,890bdca6-8636-449d-95ed-767e384a04cd,Any,c5eab733-fcba-4795-b22d-740c91ae2a90,733.4021434,726.2509237,897.4158709,0,0,0,1,,,
6f5911a6-512a-45fa-9e1b-e5a5705517dd,c5eab733-fcba-4795-b22d-740c91ae2a90,Any,6f5911a6-512a-45fa-9e1b-e5a5705517dd,457.2850004,511.4405403,213.6367367,0,0,0,1,,,
16511675-8a3f-4c4f-8399-1232dd162f97,890bdca6-8636-449d-95ed-767e384a04cd,Any,16511675-8a3f-4c4f-8399-1232dd162f97,892.5821144,499.4437203,413.9527721,0,0,0,1,,,
ef6839c4-468a-400c-aca1-62c9f1dc9d29,28e2b691-d2c7-44f0-b7aa-c6d073b0f62a,Any,ef6839c4-468a-400c-aca1-62c9f1dc9d29,92.80030588,348.659076,277.8716815,0,0,0,1,,,
dd45c660-2ee2-45c7-840b-7c94e38680e5,6f5911a6-512a-45fa-9e1b-e5a5705517dd,Any,dd45c660-2ee2-45c7-840b-7c94e38680e5,758.9119815,808.997645,630.2972236,0,0,0,1,,,
f9fd1d2e-ffb9-44e5-8a64-8e643ca381d5,dd45c660-2ee2-45c7-840b-7c94e38680e5,Any,f9fd1d2e-ffb9-44e5-8a64-8e643ca381d5,699.8024899,393.8747118,981.3732665,0,0,0,1,,,
73d46124-6ab4-49f9-8565-a29a13435451,6f5911a6-512a-45fa-9e1b-e5a5705517dd,Any,73d46124-6ab4-49f9-8565-a29a13435451,445.2188382,140.7517525,781.8804327,0,0,0,1,,,
2874f5cf-760a-46b0-ad46-43a331b47334,662d76a7-a651-4456-9c75-c5f60cec6588,Any,2874f5cf-760a-46b0-ad46-43a331b47334,352.110471,60.95419807,734.6067833,0,0,0,1,,,
416fd2e5-52c5-47e5-9d92-7063c44de537,73d46124-6ab4-49f9-8565-a29a13435451,Any,416fd2e5-52c5-47e5-9d92-7063c44de537,73.56694065,169.431509,368.6000414,0,0,0,1,,,
edad36f9-80a0-4872-a7b6-df12357d8cad,662d76a7-a651-4456-9c75-c5f60cec6588,Any,edad36f9-80a0-4872-a7b6-df12357d8cad,671.9968969,800.8008558,336.4279266,0,0,0,1,,,
007b9359-babe-459f-be2a-0958efd25a50,edad36f9-80a0-4872-a7b6-df12357d8cad,Any,007b9359-babe-459f-be2a-0958efd25a50,730.6414164,764.9821978,612.7689875,0,0,0,1,,,
517ca0e6-41e4-4255-a887-18bb9a4f066f,73d46124-6ab4-49f9-8565-a29a13435451,Any,517ca0e6-41e4-4255-a887-18bb9a4f066f,155.0940315,88.92201024,453.0414344,0,0,0,1,,,
3e00173a-eb26-4947-bb23-aac14c00ed00,007b9359-babe-459f-be2a-0958efd25a50,Any,3e00173a-eb26-4947-bb23-aac14c00ed00,695.6226291,607.9792259,753.4020095,0,0,0,1,,,
5e4cfa18-2810-4ee1-9114-1bcede029858,73d46124-6ab4-49f9-8565-a29a13435451,Any,5e4cfa18-2810-4ee1-9114-1bcede029858,597.3880251,551.0320012,438.8812156,0,0,0,1,,,
25a7155a-fdca-4974-bca4-a184f4f4cf91,5e4cfa18-2810-4ee1-9114-1bcede029858,Any,25a7155a-fdca-4974-bca4-a184f4f4cf91,330.5520722,722.2855315,491.7957984,0,0,0,1,,,
85c7cff2-854b-41b5-ae72-9e6608f9d475,73d46124-6ab4-49f9-8565-a29a13435451,Any,85c7cff2-854b-41b5-ae72-9e6608f9d475,204.0869235,986.8073331,264.2163955,0,0,0,1,,,
a10d4b2f-4de9-4a8b-b255-0141f4a0e02c,85c7cff2-854b-41b5-ae72-9e6608f9d475,Any,a10d4b2f-4de9-4a8b-b255-0141f4a0e02c,583.3975949,504.3500673,750.8849322,0,0,0,1,,,
691d4d00-d81b-44ad-a2dc-e51739b3fdbd,662d76a7-a651-4456-9c75-c5f60cec6588,Any,691d4d00-d81b-44ad-a2dc-e51739b3fdbd,151.827633,490.2183039,520.1835021,0,0,0,1,,,
c0777417-dd03-4fb2-b0fe-09158c54f5e9,662d76a7-a651-4456-9c75-c5f60cec6588,Any,c0777417-dd03-4fb2-b0fe-09158c54f5e9,10.0329352,659.2998022,709.0923281,0,0,0,1,,,
f66a2fc3-a199-49f4-b621-a6f32bfedc33,85c7cff2-854b-41b5-ae72-9e6608f9d475,Any,f66a2fc3-a199-49f4-b621-a6f32bfedc33,966.3260397,203.5693339,965.2426923,0,0,0,1,,,
510fb3e7-5447-49da-9c91-4531392e7b5c,007b9359-babe-459f-be2a-0958efd25a50,Any,510fb3e7-5447-49da-9c91-4531392e7b5c,959.3294587,165.6246688,929.9361608,0,0,0,1,,,
4f956a2b-8a9f-4b56-a9ea-d4c9ef639b67,c0777417-dd03-4fb2-b0fe-09158c54f5e9,Any,4f956a2b-8a9f-4b56-a9ea-d4c9ef639b67,995.1210294,762.3666093,584.728285,0,0,0,1,,,
3609e116-0752-433f-89ab-c662cd4ef98d,662d76a7-a651-4456-9c75-c5f60cec6588,Any,3609e116-0752-433f-89ab-c662cd4ef98d,800.0961005,548.9354166,758.7785197,0,0,0,1,,,
1ba4c3ea-7b07-41c8-abe9-8d7053261dbb,85c7cff2-854b-41b5-ae72-9e6608f9d475,Any,1ba4c3ea-7b07-41c8-abe9-8d7053261dbb,594.1079307,531.3269028,589.8923063,0,0,0,1,,,
a87a32bf-8fb3-47ec-b9d3-3086699f4fe5,662d76a7-a651-4456-9c75-c5f60cec6588,Any,a87a32bf-8fb3-47ec-b9d3-3086699f4fe5,590.3840516,730.2358745,592.9914914,0,0,0,1,,,
1a81b94d-ae1c-4ace-b669-2ef998ddcdeb,662d76a7-a651-4456-9c75-c5f60cec6588,Any,1a81b94d-ae1c-4ace-b669-2ef998ddcdeb,7.459666265,440.1497911,443.2655622,0,0,0,1,,,
eeadb26b-ee7f-4169-a710-220a418c88f5,1a81b94d-ae1c-4ace-b669-2ef998ddcdeb,Any,eeadb26b-ee7f-4169-a710-220a418c88f5,560.1189356,569.6183617,442.0923887,0,0,0,1,,,
14024a06-261b-41fb-b776-463ad949de0a,85c7cff2-854b-41b5-ae72-9e6608f9d475,Any,14024a06-261b-41fb-b776-463ad949de0a,238.8541453,852.4386327,264.3993134,0,0,0,1,,,
cbf7994d-1019-4444-a265-64098f685093,85c7cff2-854b-41b5-ae72-9e6608f9d475,Any,cbf7994d-1019-4444-a265-64098f685093,486.3854744,785.3528773,544.6400444,0,0,0,1,,,
79ce41fd-ca77-424a-9165-1f14de594795,85c7cff2-854b-41b5-ae72-9e6608f9d475,Any,79ce41fd-ca77-424a-9165-1f14de594795,69.85757326,969.6568711,347.3711613,0,0,0,1,,,
08f58231-b316-4440-88ab-070aaa0a0278,eeadb26b-ee7f-4169-a710-220a418c88f5,Any,08f58231-b316-4440-88ab-070aaa0a0278,461.8929275,169.0940619,736.2753571,0,0,0,1,,,
b29af72a-6cb3-4828-b0e6-9ca4e496cd9c,662d76a7-a651-4456-9c75-c5f60cec6588,Any,b29af72a-6cb3-4828-b0e6-9ca4e496cd9c,73.41575807,830.4680499,899.337364,0,0,0,1,,,
ff2eb8bb-fc6d-4eac-ae61-de7da1e0667d,eeadb26b-ee7f-4169-a710-220a418c88f5,Any,ff2eb8bb-fc6d-4eac-ae61-de7da1e0667d,195.2014482,27.4764278,519.3549897,0,0,0,1,,,
2d049eee-82a0-403c-b838-2e1d54f76d00,ff2eb8bb-fc6d-4eac-ae61-de7da1e0667d,Any,2d049eee-82a0-403c-b838-2e1d54f76d00,929.5509132,998.358222,944.6426997,0,0,0,1,,,
28031bbd-a064-4f03-bb7b-29d13890cb27,ff2eb8bb-fc6d-4eac-ae61-de7da1e0667d,Any,28031bbd-a064-4f03-bb7b-29d13890cb27,938.8614072,433.5483373,844.1247102,0,0,0,1,,,
d24a333c-732e-4494-844d-8d6881777b6e,85c7cff2-854b-41b5-ae72-9e6608f9d475,Any,d24a333c-732e-4494-844d-8d6881777b6e,614.8205248,112.6547908,599.6425854,0,0,0,1,,,
77c6d094-f4e8-4b7a-88f4-f474f0c5b84e,85c7cff2-854b-41b5-ae72-9e6608f9d475,Any,77c6d094-f4e8-4b7a-88f4-f474f0c5b84e,917.2634246,397.2236475,960.4843425,0,0,0,1,,,
153b0e9b-9ac2-4eec-9e0d-91eba3663635,85c7cff2-854b-41b5-ae72-9e6608f9d475,Any,153b0e9b-9ac2-4eec-9e0d-91eba3663635,731.9771105,823.2131391,721.6102304,0,0,0,1,,,
0d204744-91e0-4047-8902-294baa3ec696,662d76a7-a651-4456-9c75-c5f60cec6588,Any,0d204744-91e0-4047-8902-294baa3ec696,728.9366159,237.6253513,205.8751746,0,0,0,1,,,
d9a468a1-718d-43be-b491-56d9aae4bb5e,ff2eb8bb-fc6d-4eac-ae61-de7da1e0667d,Any,d9a468a1-718d-43be-b491-56d9aae4bb5e,262.2242606,460.3534926,441.8243351,0,0,0,1,,,
ed7f6050-4070-4f20-a2d6-6807177ec7f9,eeadb26b-ee7f-4169-a710-220a418c88f5,Any,ed7f6050-4070-4f20-a2d6-6807177ec7f9,182.786167,627.6569285,161.7089333,0,0,0,1,,,
16c3866c-2d04-4c0b-a642-b86bc9f97010,ed7f6050-4070-4f20-a2d6-6807177ec7f9,Any,16c3866c-2d04-4c0b-a642-b86bc9f97010,819.608195,918.768347,697.6493657,0,0,0,1,,,
4050d8c6-5cbf-41a4-8795-fb98fc9bcd15,662d76a7-a651-4456-9c75-c5f60cec6588,Any,4050d8c6-5cbf-41a4-8795-fb98fc9bcd15,407.558311,531.4247699,596.4640128,0,0,0,1,,,
58a7cbd7-ad59-4e48-9813-9c80826cf71d,16c3866c-2d04-4c0b-a642-b86bc9f97010,Any,58a7cbd7-ad59-4e48-9813-9c80826cf71d,927.3454158,959.6605541,244.4711585,0,0,0,1,,,
55f909cb-4f2b-438c-9baf-bf19cef24fad,eeadb26b-ee7f-4169-a710-220a418c88f5,Any,55f909cb-4f2b-438c-9baf-bf19cef24fad,974.3790832,627.0840606,460.8386083,0,0,0,1,,,
47afd3b9-1e77-402b-b1d6-892b87b3d7a6,eeadb26b-ee7f-4169-a710-220a418c88f5,Any,47afd3b9-1e77-402b-b1d6-892b87b3d7a6,363.4750429,317.4485157,27.31145624,0,0,0,1,,,
0bed41f4-fe88-419b-9b90-f52520a5f17e,eeadb26b-ee7f-4169-a710-220a418c88f5,Any,0bed41f4-fe88-419b-9b90-f52520a5f17e,929.9500101,611.2939121,311.792218,0,0,0,1,,,
ae621fdb-4add-4aba-be0d-4562aff73a4d,58a7cbd7-ad59-4e48-9813-9c80826cf71d,Any,ae621fdb-4add-4aba-be0d-4562aff73a4d,158.3390068,895.9089629,712.5447796,0,0,0,1,,,
9968c76e-8fc5-45c1-aad7-1cecf2ed984b,662d76a7-a651-4456-9c75-c5f60cec6588,Any,9968c76e-8fc5-45c1-aad7-1cecf2ed984b,311.7305159,914.8689993,956.3693625,0,0,0,1,,,
afff27aa-b293-451e-a524-89c2d3ff1d1c,16c3866c-2d04-4c0b-a642-b86bc9f97010,Any,afff27aa-b293-451e-a524-89c2d3ff1d1c,614.7481231,0.198491902,695.5963719,0,0,0,1,,,
e1c30030-94c0-4a88-afe0-02456becd1b3,9968c76e-8fc5-45c1-aad7-1cecf2ed984b,Any,e1c30030-94c0-4a88-afe0-02456becd1b3,618.9415381,300.8547201,501.1511515,0,0,0,1,,,
8dc92853-930a-4ba9-8dd0-2ccac404606b,0bed41f4-fe88-419b-9b90-f52520a5f17e,Any,8dc92853-930a-4ba9-8dd0-2ccac404606b,359.1055492,956.963672,555.6582218,0,0,0,1,,,
fa43ba3b-c666-411b-8167-8db402a228ad,afff27aa-b293-451e-a524-89c2d3ff1d1c,Any,fa43ba3b-c666-411b-8167-8db402a228ad,572.6872558,762.6172349,797.2909865,0,0,0,1,,,
20a47dd7-af36-4137-82bc-b35ca1327e98,8dc92853-930a-4ba9-8dd0-2ccac404606b,Any,20a47dd7-af36-4137-82bc-b35ca1327e98,897.61567,858.8609938,604.5412995,0,0,0,1,,,
4e2587a2-51bb-46ef-8b3b-3f754ca2976e,662d76a7-a651-4456-9c75-c5f60cec6588,Any,4e2587a2-51bb-46ef-8b3b-3f754ca2976e,516.3429533,24.85891594,94.95889695,0,0,0,1,,,
9b7f0b6b-af2a-4f32-8a92-52909e98907a,662d76a7-a651-4456-9c75-c5f60cec6588,Any,9b7f0b6b-af2a-4f32-8a92-52909e98907a,167.0362755,113.950504,395.0296338,0,0,0,1,,,
00fdff95-d4b3-432e-a960-0853e8876bb1,9b7f0b6b-af2a-4f32-8a92-52909e98907a,Any,00fdff95-d4b3-432e-a960-0853e8876bb1,158.792955,508.3859626,894.873202,0,0,0,1,,,
92753926-5a12-44a1-bbee-0e720730fb26,8dc92853-930a-4ba9-8dd0-2ccac404606b,Any,92753926-5a12-44a1-bbee-0e720730fb26,987.7616129,917.532289,739.5349292,0,0,0,1,,,
cf506356-803a-4c3e-a3cc-52e1c13be12e,8dc92853-930a-4ba9-8dd0-2ccac404606b,Any,cf506356-803a-4c3e-a3cc-52e1c13be12e,86.08028051,845.022082,17.04396317,0,0,0,1,,,
cb2f3a97-ba84-474c-a712-0ba9e14e5360,0bed41f4-fe88-419b-9b90-f52520a5f17e,Any,cb2f3a97-ba84-474c-a712-0ba9e14e5360,148.6633995,734.4377498,41.24389503,0,0,0,1,,,
2689e66c-f025-4b18-9610-738a6a92a632,cf506356-803a-4c3e-a3cc-52e1c13be12e,Any,2689e66c-f025-4b18-9610-738a6a92a632,674.3699567,467.1555588,141.0778738,0,0,0,1,,,
c9f3e98a-35bf-4a03-9858-c2baaf05e083,00fdff95-d4b3-432e-a960-0853e8876bb1,Any,c9f3e98a-35bf-4a03-9858-c2baaf05e083,210.200878,574.4118109,722.0706041,0,0,0,1,,,
663f7e1c-7d20-405d-a6cf-bc0b20abd2c1,cf506356-803a-4c3e-a3cc-52e1c13be12e,Any,663f7e1c-7d20-405d-a6cf-bc0b20abd2c1,135.2090169,749.3638503,310.7984464,0,0,0,1,,,
fe136f77-c509-4206-a671-56fa6b00e44d,9b7f0b6b-af2a-4f32-8a92-52909e98907a,Any,fe136f77-c509-4206-a671-56fa6b00e44d,887.4837517,792.5308404,632.7268056,0,0,0,1,,,
b7c9c713-b449-429e-ae8a-84c2813ba082,9b7f0b6b-af2a-4f32-8a92-52909e98907a,Any,b7c9c713-b449-429e-ae8a-84c2813ba082,806.2149875,373.3500914,318.8589572,0,0,0,1,,,
3072f830-26b8-4201-a511-a5edfd16b5ca,9b7f0b6b-af2a-4f32-8a92-52909e98907a,Any,3072f830-26b8-4201-a511-a5edfd16b5ca,390.8359265,815.5737089,822.7184555,0,0,0,1,,,
25ebadd5-cb5d-40a8-b38e-caed1f1f823c,c9f3e98a-35bf-4a03-9858-c2baaf05e083,Any,25ebadd5-cb5d-40a8-b38e-caed1f1f823c,734.5462681,905.0576926,794.0825608,0,0,0,1,,,
0a9a504a-dfd0-4814-9d63-603b261e9822,c9f3e98a-35bf-4a03-9858-c2baaf05e083,Any,0a9a504a-dfd0-4814-9d63-603b261e9822,327.4504246,371.1399856,585.4749476,0,0,0,1,,,
f6c044b5-c61a-46d3-a9ce-bb4ae025de2e,c9f3e98a-35bf-4a03-9858-c2baaf05e083,Any,f6c044b5-c61a-46d3-a9ce-bb4ae025de2e,642.2736626,922.2303405,299.9665556,0,0,0,1,,,
b109fb0b-d8b0-4b82-9e34-0e143ad5fee7,9b7f0b6b-af2a-4f32-8a92-52909e98907a,Any,b109fb0b-d8b0-4b82-9e34-0e143ad5fee7,780.474401,709.6187267,812.8641234,0,0,0,1,,,
fe5c3a5e-dfbd-4721-bacd-3e0aeb842799,b109fb0b-d8b0-4b82-9e34-0e143ad5fee7,Any,fe5c3a5e-dfbd-4721-bacd-3e0aeb842799,571.4636001,260.1657795,169.8197595,0,0,0,1,,,
78ede175-3873-47f8-94ae-81184feedb07,9b7f0b6b-af2a-4f32-8a92-52909e98907a,Any,78ede175-3873-47f8-94ae-81184feedb07,938.9267693,346.9227346,661.2159847,0,0,0,1,,,
7ae9ea99-46d5-4957-b975-12515d5ec743,78ede175-3873-47f8-94ae-81184feedb07,Any,7ae9ea99-46d5-4957-b975-12515d5ec743,928.9908504,193.0669129,412.4971017,0,0,0,1,,,
3f538802-f99f-4caf-bc18-0cd0889ca1f7,78ede175-3873-47f8-94ae-81184feedb07,Any,3f538802-f99f-4caf-bc18-0cd0889ca1f7,104.4437848,792.4512498,213.1286607,0,0,0,1,,,
87d7e333-a09f-4cb5-b301-1ec0add98722,9b7f0b6b-af2a-4f32-8a92-52909e98907a,Any,87d7e333-a09f-4cb5-b301-1ec0add98722,305.5690881,437.2241608,992.0156449,0,0,0,1,,,
23d2add7-f6c5-4bea-8c67-d24f127101ac,3f538802-f99f-4caf-bc18-0cd0889ca1f7,Any,23d2add7-f6c5-4bea-8c67-d24f127101ac,9.377251922,811.6545193,488.9778164,0,0,0,1,,,
7997cd1c-6b55-44c9-9154-406a40939331,662d76a7-a651-4456-9c75-c5f60cec6588,Any,7997cd1c-6b55-44c9-9154-406a40939331,368.850692,509.239392,551.6452512,0,0,0,1,,,
7c6c9ccf-b710-4d4d-8421-342e606d2707,662d76a7-a651-4456-9c75-c5f60cec6588,Any,7c6c9ccf-b710-4d4d-8421-342e606d2707,976.5337777,367.2389209,168.7448215,0,0,0,1,,,
e7648cd9-5210-44b0-a5b2-ca6545cb2a07,662d76a7-a651-4456-9c75-c5f60cec6588,Any,e7648cd9-5210-44b0-a5b2-ca6545cb2a07,971.804681,413.194381,517.3900961,0,0,0,1,,,
fd91f81d-153d-4e5d-9201-fdfedd5ce1ea,e7648cd9-5210-44b0-a5b2-ca6545cb2a07,Any,fd91f81d-153d-4e5d-9201-fdfedd5ce1ea,650.8556609,946.2015697,25.59492143,0,0,0,1,,,
e781d04b-e5b2-4a5c-aca9-b22a830567cd,662d76a7-a651-4456-9c75-c5f60cec6588,Any,e781d04b-e5b2-4a5c-aca9-b22a830567cd,888.0500835,429.4153499,701.3739632,0,0,0,1,,,
25f091b5-dee6-49d1-8326-88fa36548b3a,662d76a7-a651-4456-9c75-c5f60cec6588,Any,25f091b5-dee6-49d1-8326-88fa36548b3a,246.8081925,146.7644486,169.2363924,0,0,0,1,,,
d303efb7-4e9f-4fcd-850e-79c8ce4ffb49,662d76a7-a651-4456-9c75-c5f60cec6588,Any,d303efb7-4e9f-4fcd-850e-79c8ce4ffb49,257.0018373,590.1163955,769.026917,0,0,0,1,,,
02e0c849-98c0-4eae-8079-427ef26dfc67,d303efb7-4e9f-4fcd-850e-79c8ce4ffb49,Any,02e0c849-98c0-4eae-8079-427ef26dfc67,744.8984427,956.109418,294.6864128,0,0,0,1,,,
6aad5b04-59e9-4014-849d-514c2fb1577b,cf506356-803a-4c3e-a3cc-52e1c13be12e,Any,6aad5b04-59e9-4014-849d-514c2fb1577b,773.9750251,67.19072131,742.8986483,0,0,0,1,,,
b48a1621-1374-4a16-a643-fccf69b0b3eb,662d76a7-a651-4456-9c75-c5f60cec6588,Any,b48a1621-1374-4a16-a643-fccf69b0b3eb,364.9087888,553.4734396,94.14521488,0,0,0,1,,,
1097fd91-1fbb-43d1-913f-0712cdbf4500,3f538802-f99f-4caf-bc18-0cd0889ca1f7,Any,1097fd91-1fbb-43d1-913f-0712cdbf4500,503.0316965,348.3521827,823.4243354,0,0,0,1,,,
9a46d844-d346-4227-be5d-2c171a0c12b6,02e0c849-98c0-4eae-8079-427ef26dfc67,Any,9a46d844-d346-4227-be5d-2c171a0c12b6,936.6977331,26.68981209,104.7499661,0,0,0,1,,,
fd6456c3-971c-453e-b2f0-2cf32748a767,b48a1621-1374-4a16-a643-fccf69b0b3eb,Any,fd6456c3-971c-453e-b2f0-2cf32748a767,978.8982906,46.40544079,379.2449947,0,0,0,1,,,
f871a253-96b8-42d9-9d0a-d5ca0482d94f,fd6456c3-971c-453e-b2f0-2cf32748a767,Any,f871a253-96b8-42d9-9d0a-d5ca0482d94f,152.1423284,208.7453386,989.5734708,0,0,0,1,,,
b4a93431-a714-4da1-aeaa-b4f2cc45d8bc,662d76a7-a651-4456-9c75-c5f60cec6588,Any,b4a93431-a714-4da1-aeaa-b4f2cc45d8bc,134.0344709,352.6610673,253.4014192,0,0,0,1,,,
dffd270a-8416-4a3f-90f5-1adfa704573f,cf506356-803a-4c3e-a3cc-52e1c13be12e,Any,dffd270a-8416-4a3f-90f5-1adfa704573f,520.7502928,291.8550417,396.4538646,0,0,0,1,,,
4818fabd-e06d-466b-abe8-6add9595ea0b,1097fd91-1fbb-43d1-913f-0712cdbf4500,Any,4818fabd-e06d-466b-abe8-6add9595ea0b,260.790544,644.9794905,705.0678839,0,0,0,1,,,
2a17cca2-cbce-491d-befa-3c848126e384,1097fd91-1fbb-43d1-913f-0712cdbf4500,Any,2a17cca2-cbce-491d-befa-3c848126e384,461.3944985,543.8412547,165.8385705,0,0,0,1,,,
2238c1e5-706b-4a8e-bde6-2b7b4f9cfffc,b4a93431-a714-4da1-aeaa-b4f2cc45d8bc,Any,2238c1e5-706b-4a8e-bde6-2b7b4f9cfffc,250.7690006,431.2246744,24.22840475,0,0,0,1,,,
240f50df-2f75-42c3-bc0c-3e1da3b63d30,662d76a7-a651-4456-9c75-c5f60cec6588,Any,240f50df-2f75-42c3-bc0c-3e1da3b63d30,744.8226335,413.1487716,676.3213522,0,0,0,1,,,
ff33faa2-e7e0-4d39-9367-99744bf99868,240f50df-2f75-42c3-bc0c-3e1da3b63d30,Any,ff33faa2-e7e0-4d39-9367-99744bf99868,446.4653897,602.4006763,50.13233469,0,0,0,1,,,
2f184ff2-5c53-42af-959f-9d895046f692,240f50df-2f75-42c3-bc0c-3e1da3b63d30,Any,2f184ff2-5c53-42af-959f-9d895046f692,307.2345588,203.1151573,341.9485974,0,0,0,1,,,
70423909-f413-48d0-b08c-51c96b2aba26,f871a253-96b8-42d9-9d0a-d5ca0482d94f,Any,70423909-f413-48d0-b08c-51c96b2aba26,102.2576008,773.054776,882.6492799,0,0,0,1,,,
7aaf3289-0471-4cb3-a258-a9c58d0b6e71,70423909-f413-48d0-b08c-51c96b2aba26,Any,7aaf3289-0471-4cb3-a258-a9c58d0b6e71,536.8424043,824.3604127,63.00895679,0,0,0,1,,,
c2396562-a31f-4e49-a950-9c8b018e61a3,70423909-f413-48d0-b08c-51c96b2aba26,Any,c2396562-a31f-4e49-a950-9c8b018e61a3,708.5389942,585.0644133,319.3890524,0,0,0,1,,,
022bf055-6040-4b2f-8d28-972166bde28b,f871a253-96b8-42d9-9d0a-d5ca0482d94f,Any,022bf055-6040-4b2f-8d28-972166bde28b,591.6573269,536.2946133,195.9375849,0,0,0,1,,,
fbc28c4d-d444-4531-88c0-6e7b8ab3a7b0,662d76a7-a651-4456-9c75-c5f60cec6588,Any,fbc28c4d-d444-4531-88c0-6e7b8ab3a7b0,30.04317942,934.0302855,719.8788878,0,0,0,1,,,
ce1cfd02-c851-4f3f-82e3-36dcd66445c7,c2396562-a31f-4e49-a950-9c8b018e61a3,Any,ce1cfd02-c851-4f3f-82e3-36dcd66445c7,938.4201805,455.6203394,851.681236,0,0,0,1,,,
a97b4379-a541-4b5f-a734-ae0c946e928a,fbc28c4d-d444-4531-88c0-6e7b8ab3a7b0,Any,a97b4379-a541-4b5f-a734-ae0c946e928a,56.49307812,508.7073294,273.8958216,0,0,0,1,,,
653308c5-bfe8-4ed4-b00a-3bb02e325833,fbc28c4d-d444-4531-88c0-6e7b8ab3a7b0,Any,653308c5-bfe8-4ed4-b00a-3bb02e325833,869.2308951,883.2163921,513.4520309,0,0,0,1,,,
941253d8-6f16-4f33-be4d-23ebe8f046dc,662d76a7-a651-4456-9c75-c5f60cec6588,Any,941253d8-6f16-4f33-be4d-23ebe8f046dc,0.929881545,117.8170021,236.8648025,0,0,0,1,,,
21a0cf59-382e-4138-a973-7683303343e4,f871a253-96b8-42d9-9d0a-d5ca0482d94f,Any,21a0cf59-382e-4138-a973-7683303343e4,832.4965108,812.0831318,0.103576974,0,0,0,1,,,
cea632e8-ca9c-4701-818f-a91bbb384490,21a0cf59-382e-4138-a973-7683303343e4,Any,cea632e8-ca9c-4701-818f-a91bbb384490,76.29948478,750.720304,536.8079102,0,0,0,1,,,
9db4985b-e946-4275-9d9d-f39059212c55,21a0cf59-382e-4138-a973-7683303343e4,Any,9db4985b-e946-4275-9d9d-f39059212c55,55.44591872,32.74385801,670.3077398,0,0,0,1,,,
7740bf13-adb5-4a15-9760-0b51245c7df2,662d76a7-a651-4456-9c75-c5f60cec6588,Any,7740bf13-adb5-4a15-9760-0b51245c7df2,35.96712806,588.3972572,563.5986598,0,0,0,1,,,
ac6a2674-0d3e-4be2-b341-0ab6068b205e,662d76a7-a651-4456-9c75-c5f60cec6588,Any,ac6a2674-0d3e-4be2-b341-0ab6068b205e,841.5533925,890.7019864,395.3952773,0,0,0,1,,,
56b42a40-c82e-4adb-a97c-4b6dd3333ecf,662d76a7-a651-4456-9c75-c5f60cec6588,Any,56b42a40-c82e-4adb-a97c-4b6dd3333ecf,824.594769,961.6602168,690.9105415,0,0,0,1,,,
fac9bcd2-4677-4fa2-a8a3-c4afde1e990e,56b42a40-c82e-4adb-a97c-4b6dd3333ecf,Any,fac9bcd2-4677-4fa2-a8a3-c4afde1e990e,792.9516168,893.8023061,219.6005703,0,0,0,1,,,
938a3f1a-04eb-4f5c-9fb6-124ac9f07d99,9db4985b-e946-4275-9d9d-f39059212c55,Any,938a3f1a-04eb-4f5c-9fb6-124ac9f07d99,344.5316555,828.086807,794.4585649,0,0,0,1,,,
ece29efe-a460-4eae-9a42-a10b1f9dc265,f871a253-96b8-42d9-9d0a-d5ca0482d94f,Any,ece29efe-a460-4eae-9a42-a10b1f9dc265,361.6768426,458.7155904,520.2798254,0,0,0,1,,,
0b7353b4-1e04-42ef-82fa-4f5b6e667d3d,f871a253-96b8-42d9-9d0a-d5ca0482d94f,Any,0b7353b4-1e04-42ef-82fa-4f5b6e667d3d,446.6585006,810.5350789,799.6627059,0,0,0,1,,,
3330a40e-0a42-45bb-99dc-85a9ee83cb40,9db4985b-e946-4275-9d9d-f39059212c55,Any,3330a40e-0a42-45bb-99dc-85a9ee83cb40,434.2389749,455.3300568,926.4766931,0,0,0,1,,,
5caf6523-7e6b-40bc-9cb9-831b3187455b,0b7353b4-1e04-42ef-82fa-4f5b6e667d3d,Any,5caf6523-7e6b-40bc-9cb9-831b3187455b,624.4795828,268.8480712,815.2237619,0,0,0,1,,,
2589fc80-86c8-42a6-afb5-08d51f953fee,0b7353b4-1e04-42ef-82fa-4f5b6e667d3d,Any,2589fc80-86c8-42a6-afb5-08d51f953fee,905.0286014,852.6634612,197.8424946,0,0,0,1,,,
7a9f2fee-b889-49f6-adf9-83d9beebab2f,f871a253-96b8-42d9-9d0a-d5ca0482d94f,Any,7a9f2fee-b889-49f6-adf9-83d9beebab2f,30.92712079,575.1367004,477.4982464,0,0,0,1,,,
09733e7c-0f28-45b2-898f-d95926f4006f,fac9bcd2-4677-4fa2-a8a3-c4afde1e990e,Any,09733e7c-0f28-45b2-898f-d95926f4006f,408.0891647,640.1740698,681.9697845,0,0,0,1,,,
4ca7288e-e16b-499d-854e-ad85d401a9b4,56b42a40-c82e-4adb-a97c-4b6dd3333ecf,Any,4ca7288e-e16b-499d-854e-ad85d401a9b4,174.6059997,345.173124,855.2410782,0,0,0,1,,,
2d3ca0e2-dd2d-41b1-bc54-742177ffa0a1,4ca7288e-e16b-499d-854e-ad85d401a9b4,Any,2d3ca0e2-dd2d-41b1-bc54-742177ffa0a1,247.2949793,711.1127106,564.6412671,0,0,0,1,,,
6a4f3402-aa90-46e1-ac31-066024057bc9,7a9f2fee-b889-49f6-adf9-83d9beebab2f,Any,6a4f3402-aa90-46e1-ac31-066024057bc9,605.2131966,81.00227722,97.41843871,0,0,0,1,,,
6162b918-9d24-48e2-bb3a-cf9690f0e2a7,6a4f3402-aa90-46e1-ac31-066024057bc9,Any,6162b918-9d24-48e2-bb3a-cf9690f0e2a7,270.7139682,989.3891768,416.5818177,0,0,0,1,,,
1b845d49-5822-4e2a-9b2d-50c622a45127,662d76a7-a651-4456-9c75-c5f60cec6588,Any,1b845d49-5822-4e2a-9b2d-50c622a45127,13.26892229,884.9890765,153.194595,0,0,0,1,,,
d41be186-ba0c-4989-b6c3-d7e05e53718f,7a9f2fee-b889-49f6-adf9-83d9beebab2f,Any,d41be186-ba0c-4989-b6c3-d7e05e53718f,13.6187081,778.8849281,347.0706913,0,0,0,1,,,
cc8e0ff3-76a3-4b9e-bf16-4273139895b8,662d76a7-a651-4456-9c75-c5f60cec6588,Any,cc8e0ff3-76a3-4b9e-bf16-4273139895b8,888.4264677,676.4703228,67.81112591,0,0,0,1,,,
6a8c3af6-e6be-4513-9382-0642e23f2839,7a9f2fee-b889-49f6-adf9-83d9beebab2f,Any,6a8c3af6-e6be-4513-9382-0642e23f2839,236.9935273,658.197453,670.3666835,0,0,0,1,,,
ec0967ed-da41-4be5-95b9-dec014086024,cc8e0ff3-76a3-4b9e-bf16-4273139895b8,Any,ec0967ed-da41-4be5-95b9-dec014086024,255.4138936,415.5803366,646.5124257,0,0,0,1,,,
f202de83-0bfa-438c-addf-4a82e95ea6e1,662d76a7-a651-4456-9c75-c5f60cec6588,Any,f202de83-0bfa-438c-addf-4a82e95ea6e1,68.38022446,144.0984048,894.5796808,0,0,0,1,,,
b6782e32-b403-4f6f-9527-3a643221fe60,6a8c3af6-e6be-4513-9382-0642e23f2839,Any,b6782e32-b403-4f6f-9527-3a643221fe60,81.60134469,188.4803441,826.3809633,0,0,0,1,,,
c75e59e4-9a96-44c0-985c-802b9ecc3502,662d76a7-a651-4456-9c75-c5f60cec6588,Any,c75e59e4-9a96-44c0-985c-802b9ecc3502,102.5853281,571.0252519,73.41701145,0,0,0,1,,,
4362128c-6571-4033-b473-df355354714a,662d76a7-a651-4456-9c75-c5f60cec6588,Any,4362128c-6571-4033-b473-df355354714a,325.8999514,813.8397716,275.5990771,0,0,0,1,,,
fcf8a1f9-09c2-4d77-a347-c9c3cb189a72,6a8c3af6-e6be-4513-9382-0642e23f2839,Any,fcf8a1f9-09c2-4d77-a347-c9c3cb189a72,559.7238398,338.2142101,48.62396563,0,0,0,1,,,
79ff9733-f234-40d9-a591-e55589c028d1,7a9f2fee-b889-49f6-adf9-83d9beebab2f,Any,79ff9733-f234-40d9-a591-e55589c028d1,597.0711777,306.022136,402.4483944,0,0,0,1,,,
b10ad578-ab52-4d92-a967-c96f85a3ef85,7a9f2fee-b889-49f6-adf9-83d9beebab2f,Any,b10ad578-ab52-4d92-a967-c96f85a3ef85,135.6817736,574.0167414,731.0869069,0,0,0,1,,,
4d28365b-4abc-4a6d-aefd-60ed41f41bac,7a9f2fee-b889-49f6-adf9-83d9beebab2f,Any,4d28365b-4abc-4a6d-aefd-60ed41f41bac,64.19140746,94.0240876,552.9578635,0,0,0,1,,,
cc1bbdc9-47ad-444b-b304-8b4074f8dd57,2d3ca0e2-dd2d-41b1-bc54-742177ffa0a1,Any,cc1bbdc9-47ad-444b-b304-8b4074f8dd57,696.6738854,767.1011275,99.48121366,0,0,0,1,,,
edf11655-cd77-4fa1-b14e-d7420f79077f,4d28365b-4abc-4a6d-aefd-60ed41f41bac,Any,edf11655-cd77-4fa1-b14e-d7420f79077f,174.6951777,988.3128657,999.3903617,0,0,0,1,,,
6eb528a9-fc1a-4421-8300-0deea45133af,662d76a7-a651-4456-9c75-c5f60cec6588,Any,6eb528a9-fc1a-4421-8300-0deea45133af,385.7389085,6.038640247,585.0640716,0,0,0,1,,,
b9d4e892-c921-4897-a2bd-1dacbafd24ec,ec0967ed-da41-4be5-95b9-dec014086024,Any,b9d4e892-c921-4897-a2bd-1dacbafd24ec,32.57550849,476.3504668,654.4600104,0,0,0,1,,,
330e1f4b-d150-4a36-bdb1-774317c6e738,ec0967ed-da41-4be5-95b9-dec014086024,Any,330e1f4b-d150-4a36-bdb1-774317c6e738,434.6061795,949.5045915,859.2580856,0,0,0,1,,,
188df44b-3052-4aed-990d-3acf6d523caf,ec0967ed-da41-4be5-95b9-dec014086024,Any,188df44b-3052-4aed-990d-3acf6d523caf,280.8898105,644.8524483,681.7753769,0,0,0,1,,,
f20aba13-20a3-4c39-968c-08dc83dc2f88,6eb528a9-fc1a-4421-8300-0deea45133af,Any,f20aba13-20a3-4c39-968c-08dc83dc2f88,316.6776112,210.7279461,894.6806925,0,0,0,1,,,
7549d6c9-1344-4c78-97bb-d8f11f5dfe58,188df44b-3052-4aed-990d-3acf6d523caf,Any,7549d6c9-1344-4c78-97bb-d8f11f5dfe58,429.9102001,428.6975088,335.613166,0,0,0,1,,,
6e17258d-45a8-4013-9921-4943000a1a6d,6eb528a9-fc1a-4421-8300-0deea45133af,Any,6e17258d-45a8-4013-9921-4943000a1a6d,347.2942014,617.0051628,830.3741855,0,0,0,1,,,
57602e67-5ae3-4894-8df2-fb24a47bc982,4d28365b-4abc-4a6d-aefd-60ed41f41bac,Any,57602e67-5ae3-4894-8df2-fb24a47bc982,52.76866113,529.775093,195.4013634,0,0,0,1,,,
9b57f387-c51f-41b9-bfe3-d90623cd1bb8,662d76a7-a651-4456-9c75-c5f60cec6588,Any,9b57f387-c51f-41b9-bfe3-d90623cd1bb8,737.3277471,664.0080339,298.0192263,0,0,0,1,,,
0aceeb45-ae3c-4736-890f-5bc1376d5db9,9b57f387-c51f-41b9-bfe3-d90623cd1bb8,Any,0aceeb45-ae3c-4736-890f-5bc1376d5db9,792.2040261,297.2707192,888.1991522,0,0,0,1,,,
a10dbc99-3cac-48e1-bb1c-5fbe20057639,9b57f387-c51f-41b9-bfe3-d90623cd1bb8,Any,a10dbc99-3cac-48e1-bb1c-5fbe20057639,92.85340165,582.6391625,674.2457456,0,0,0,1,,,
930e7838-51ad-4c78-b0b4-684692b9d2f9,188df44b-3052-4aed-990d-3acf6d523caf,Any,930e7838-51ad-4c78-b0b4-684692b9d2f9,942.6777533,521.8162216,389.8706316,0,0,0,1,,,
921cb994-1fe6-455e-a7b4-0cfb9a5b0441,188df44b-3052-4aed-990d-3acf6d523caf,Any,921cb994-1fe6-455e-a7b4-0cfb9a5b0441,484.501172,272.8193468,645.8300582,0,0,0,1,,,
82a7942f-26a3-4412-91e7-653df1c839b1,a10dbc99-3cac-48e1-bb1c-5fbe20057639,Any,82a7942f-26a3-4412-91e7-653df1c839b1,494.7044358,178.2122518,31.26373478,0,0,0,1,,,
fb77ba16-34e8-4168-adb6-1499705c72fa,4d28365b-4abc-4a6d-aefd-60ed41f41bac,Any,fb77ba16-34e8-4168-adb6-1499705c72fa,123.3875563,721.7122127,220.7294988,0,0,0,1,,,
a160bfec-b388-46f1-bea5-df59d0b47bec,662d76a7-a651-4456-9c75-c5f60cec6588,Any,a160bfec-b388-46f1-bea5-df59d0b47bec,774.6224537,743.3756999,470.8010039,0,0,0,1,,,
a188e168-37ea-428c-a23a-ab747be2aa55,4d28365b-4abc-4a6d-aefd-60ed41f41bac,Any,a188e168-37ea-428c-a23a-ab747be2aa55,13.7831159,499.763858,370.0862272,0,0,0,1,,,
349d707b-8c11-4a62-98e7-aea686a5bf00,4d28365b-4abc-4a6d-aefd-60ed41f41bac,Any,349d707b-8c11-4a62-98e7-aea686a5bf00,441.0431441,999.0516678,405.7589686,0,0,0,1,,,
a66989d9-4b3e-4032-9f27-0192d736b2dd,662d76a7-a651-4456-9c75-c5f60cec6588,Any,a66989d9-4b3e-4032-9f27-0192d736b2dd,171.6195826,920.1027311,806.3565507,0,0,0,1,,,
ac94d882-92f2-4fd1-8767-4e3fc85c38af,921cb994-1fe6-455e-a7b4-0cfb9a5b0441,Any,ac94d882-92f2-4fd1-8767-4e3fc85c38af,501.3604653,313.6867711,913.8637382,0,0,0,1,,,
4bc62469-f777-4bc3-8fb0-906d02124c21,82a7942f-26a3-4412-91e7-653df1c839b1,Any,4bc62469-f777-4bc3-8fb0-906d02124c21,79.45962233,275.7715843,800.8645392,0,0,0,1,,,
41faf18b-7ab6-4a8a-871a-f2c2f9b6c26c,662d76a7-a651-4456-9c75-c5f60cec6588,Any,41faf18b-7ab6-4a8a-871a-f2c2f9b6c26c,588.2975815,352.9494306,611.7571474,0,0,0,1,,,
870c277b-55f6-457d-92d2-d3e29b908128,662d76a7-a651-4456-9c75-c5f60cec6588,Any,870c277b-55f6-457d-92d2-d3e29b908128,202.7646506,318.762799,696.9890496,0,0,0,1,,,
663dd622-3337-4aaa-9ef3-bac36c9b279b,82a7942f-26a3-4412-91e7-653df1c839b1,Any,663dd622-3337-4aaa-9ef3-bac36c9b279b,937.3621932,450.1239863,128.101482,0,0,0,1,,,
89159995-b3b0-407a-962e-c2e1b95d1008,82a7942f-26a3-4412-91e7-653df1c839b1,Any,89159995-b3b0-407a-962e-c2e1b95d1008,225.8192091,751.7656612,119.0597814,0,0,0,1,,,
cadc8e51-3f63-4dae-bb4a-b8d02f61591a,662d76a7-a651-4456-9c75-c5f60cec6588,Any,cadc8e51-3f63-4dae-bb4a-b8d02f61591a,123.4471743,76.1330242,861.6902436,0,0,0,1,,,
06ccb74f-3b69-47ff-9938-aa54f1141fc9,89159995-b3b0-407a-962e-c2e1b95d1008,Any,06ccb74f-3b69-47ff-9938-aa54f1141fc9,57.20957993,919.0119978,3.114459811,0,0,0,1,,,
f3c2d08c-087b-428c-b63e-fd85e3637d39,82a7942f-26a3-4412-91e7-653df1c839b1,Any,f3c2d08c-087b-428c-b63e-fd85e3637d39,77.06755018,111.2622069,227.9899229,0,0,0,1,,,
8aa24940-5a26-41de-adb0-c0541faa6466,662d76a7-a651-4456-9c75-c5f60cec6588,Any,8aa24940-5a26-41de-adb0-c0541faa6466,368.7982938,655.5175198,108.7762575,0,0,0,1,,,
a2b3d6bf-43a0-42f4-a650-c0eefba78af5,f3c2d08c-087b-428c-b63e-fd85e3637d39,Any,a2b3d6bf-43a0-42f4-a650-c0eefba78af5,106.8754665,593.634613,237.134773,0,0,0,1,,,
2f9b3109-0ab0-4aa2-80e9-3573c37b23c0,82a7942f-26a3-4412-91e7-653df1c839b1,Any,2f9b3109-0ab0-4aa2-80e9-3573c37b23c0,980.8649511,476.0663895,890.949913,0,0,0,1,,,
b7e55de5-1c32-414d-9b1b-0ec35b77aa38,8aa24940-5a26-41de-adb0-c0541faa6466,Any,b7e55de5-1c32-414d-9b1b-0ec35b77aa38,884.4822294,538.8816233,140.1974313,0,0,0,1,,,
2e47a0d0-223c-4a78-b3c0-5ba0c2d2f450,b7e55de5-1c32-414d-9b1b-0ec35b77aa38,Any,2e47a0d0-223c-4a78-b3c0-5ba0c2d2f450,783.2255773,156.5499399,767.8374149,0,0,0,1,,,
758faf19-b7ad-40ec-82a4-1b784dea56c2,2f9b3109-0ab0-4aa2-80e9-3573c37b23c0,Any,758faf19-b7ad-40ec-82a4-1b784dea56c2,56.11191114,652.9639722,94.90684617,0,0,0,1,,,
d1ea7174-1b78-42f2-8ac6-f7a97f662522,758faf19-b7ad-40ec-82a4-1b784dea56c2,Any,d1ea7174-1b78-42f2-8ac6-f7a97f662522,112.4006887,119.988571,404.1948729,0,0,0,1,,,
a546a8e1-a0e3-42b8-8c2f-459187203442,662d76a7-a651-4456-9c75-c5f60cec6588,Any,a546a8e1-a0e3-42b8-8c2f-459187203442,223.7063397,856.6992374,398.1610034,0,0,0,1,,,
f43b02a5-4f5a-4159-b0b4-b6a5215bacb2,b7e55de5-1c32-414d-9b1b-0ec35b77aa38,Any,f43b02a5-4f5a-4159-b0b4-b6a5215bacb2,469.2635272,481.6171804,246.263545,0,0,0,1,,,
c52310f8-a103-4fdd-b3fe-7a771fc0977f,f43b02a5-4f5a-4159-b0b4-b6a5215bacb2,Any,c52310f8-a103-4fdd-b3fe-7a771fc0977f,131.8582542,741.7334961,115.5051442,0,0,0,1,,,
67dd7783-0fbe-4002-94cc-de67c6cf4a47,f43b02a5-4f5a-4159-b0b4-b6a5215bacb2,Any,67dd7783-0fbe-4002-94cc-de67c6cf4a47,420.7599844,363.7797392,749.4833618,0,0,0,1,,,
b4b78b21-aa93-4e58-8c94-89c234ac8b14,662d76a7-a651-4456-9c75-c5f60cec6588,Any,b4b78b21-aa93-4e58-8c94-89c234ac8b14,407.6153173,912.8678489,279.350348,0,0,0,1,,,
4cc7f181-d169-4562-8003-092cb9e6c0bb,b4b78b21-aa93-4e58-8c94-89c234ac8b14,Any,4cc7f181-d169-4562-8003-092cb9e6c0bb,106.4245182,121.3021245,847.7011327,0,0,0,1,,,
454bb5cc-450a-45a5-b66e-773e0ee4ad06,f43b02a5-4f5a-4159-b0b4-b6a5215bacb2,Any,454bb5cc-450a-45a5-b66e-773e0ee4ad06,729.4486413,769.7357944,963.0519703,0,0,0,1,,,
242c9c0b-c73a-4f13-a5f5-00329ef12f57,b4b78b21-aa93-4e58-8c94-89c234ac8b14,Any,242c9c0b-c73a-4f13-a5f5-00329ef12f57,130.9902186,126.6485138,791.9657607,0,0,0,1,,,
49f302d2-5f18-448d-98a9-eb3fd7dc4d08,b4b78b21-aa93-4e58-8c94-89c234ac8b14,Any,49f302d2-5f18-448d-98a9-eb3fd7dc4d08,443.2451579,670.9052279,661.3827344,0,0,0,1,,,
df3417e3-e680-48f6-a395-d23f3b1a050f,758faf19-b7ad-40ec-82a4-1b784dea56c2,Any,df3417e3-e680-48f6-a395-d23f3b1a050f,405.865549,764.5654267,877.1503236,0,0,0,1,,,
ea2a8d74-2498-4ea8-85ba-b64f320846cb,662d76a7-a651-4456-9c75-c5f60cec6588,Any,ea2a8d74-2498-4ea8-85ba-b64f320846cb,912.6777697,664.3435984,605.0533624,0,0,0,1,,,
2b200361-8127-47ad-b2d1-0847f6914c5e,758faf19-b7ad-40ec-82a4-1b784dea56c2,Any,2b200361-8127-47ad-b2d1-0847f6914c5e,511.3250733,912.1286952,412.6650768,0,0,0,1,,,
6dfc061c-b524-429a-acd4-921611b47c00,ea2a8d74-2498-4ea8-85ba-b64f320846cb,Any,6dfc061c-b524-429a-acd4-921611b47c00,84.81020935,748.0967392,701.5195968,0,0,0,1,,,
de40e581-a141-47c8-b162-78e0efcf61fe,ea2a8d74-2498-4ea8-85ba-b64f320846cb,Any,de40e581-a141-47c8-b162-78e0efcf61fe,566.6549892,52.49660999,778.5615183,0,0,0,1,,,
1a8a67e7-253c-47aa-b422-31b31ea56634,ea2a8d74-2498-4ea8-85ba-b64f320846cb,Any,1a8a67e7-253c-47aa-b422-31b31ea56634,53.16116824,18.06874933,376.5716234,0,0,0,1,,,
3192c2ff-62fd-4752-8ab5-6341047eef52,662d76a7-a651-4456-9c75-c5f60cec6588,Any,3192c2ff-62fd-4752-8ab5-6341047eef52,418.9460147,965.5374591,949.3861829,0,0,0,1,,,
34632fd9-ede1-4cde-961f-9d4059e5c619,f43b02a5-4f5a-4159-b0b4-b6a5215bacb2,Any,34632fd9-ede1-4cde-961f-9d4059e5c619,727.662356,264.8019702,178.5846596,0,0,0,1,,,
8b58b3f9-7bc5-4a45-a03c-1ecb0033ae9e,662d76a7-a651-4456-9c75-c5f60cec6588,Any,8b58b3f9-7bc5-4a45-a03c-1ecb0033ae9e,852.4220101,323.4531546,517.0432705,0,0,0,1,,,
6e377cee-a093-499a-87f5-c2103d88bb3d,758faf19-b7ad-40ec-82a4-1b784dea56c2,Any,6e377cee-a093-499a-87f5-c2103d88bb3d,670.5540287,429.7838142,734.1150394,0,0,0,1,,,
0d534a7d-9d44-4a40-b769-70918d884c54,f43b02a5-4f5a-4159-b0b4-b6a5215bacb2,Any,0d534a7d-9d44-4a40-b769-70918d884c54,714.5562166,578.6550012,933.4607053,0,0,0,1,,,
7b103d2c-4895-4c6f-ac42-f6a1ad4df94d,1a8a67e7-253c-47aa-b422-31b31ea56634,Any,7b103d2c-4895-4c6f-ac42-f6a1ad4df94d,737.3177631,396.1829022,555.7915455,0,0,0,1,,,
8a70e0cd-0a19-4dd3-95b5-0554b01908fd,8b58b3f9-7bc5-4a45-a03c-1ecb0033ae9e,Any,8a70e0cd-0a19-4dd3-95b5-0554b01908fd,271.084525,314.8779985,819.051836,0,0,0,1,,,
c9d89719-c54c-4a6b-ad4a-cb7602f363ec,7b103d2c-4895-4c6f-ac42-f6a1ad4df94d,Any,c9d89719-c54c-4a6b-ad4a-cb7602f363ec,694.0797591,250.9716775,710.9134955,0,0,0,1,,,
399e00e5-f825-40fd-b458-272af897190f,662d76a7-a651-4456-9c75-c5f60cec6588,Any,399e00e5-f825-40fd-b458-272af897190f,289.9483447,116.1225746,821.6800767,0,0,0,1,,,
9b1e807c-5a3b-417f-be40-9eea6622cd22,c9d89719-c54c-4a6b-ad4a-cb7602f363ec,Any,9b1e807c-5a3b-417f-be40-9eea6622cd22,189.1579033,746.0711761,161.1719547,0,0,0,1,,,
0b0122a5-9f88-4d1b-8ac6-b29039678e3e,c9d89719-c54c-4a6b-ad4a-cb7602f363ec,Any,0b0122a5-9f88-4d1b-8ac6-b29039678e3e,275.4314564,398.122949,634.0743196,0,0,0,1,,,
e1d8796e-f25e-4fb0-84b2-11d949534f9c,c9d89719-c54c-4a6b-ad4a-cb7602f363ec,Any,e1d8796e-f25e-4fb0-84b2-11d949534f9c,505.8410157,678.7189293,231.3001125,0,0,0,1,,,
1493fdc6-6797-4e7f-9928-d646fbcf057d,7b103d2c-4895-4c6f-ac42-f6a1ad4df94d,Any,1493fdc6-6797-4e7f-9928-d646fbcf057d,636.6528311,118.0762988,735.8964153,0,0,0,1,,,
cc2c6588-bc30-4831-8f72-7b6cc1dfef70,8a70e0cd-0a19-4dd3-95b5-0554b01908fd,Any,cc2c6588-bc30-4831-8f72-7b6cc1dfef70,15.96575825,802.2005245,960.8757914,0,0,0,1,,,
5d0d62d5-79f4-448c-b9c3-547e9080f70b,399e00e5-f825-40fd-b458-272af897190f,Any,5d0d62d5-79f4-448c-b9c3-547e9080f70b,801.155105,331.362711,507.8955509,0,0,0,1,,,
81762a7d-2eda-4ea3-a787-685be1bc2fc9,cc2c6588-bc30-4831-8f72-7b6cc1dfef70,Any,81762a7d-2eda-4ea3-a787-685be1bc2fc9,214.5088317,422.8417461,362.8221901,0,0,0,1,,,
99550360-2687-4027-9f41-5dd9783de941,662d76a7-a651-4456-9c75-c5f60cec6588,Any,99550360-2687-4027-9f41-5dd9783de941,79.7713842,845.8186267,902.5124564,0,0,0,1,,,
41d59d1b-46c5-4c8a-be05-e062ec90285b,99550360-2687-4027-9f41-5dd9783de941,Any,41d59d1b-46c5-4c8a-be05-e062ec90285b,897.6703304,333.5154631,958.9345432,0,0,0,1,,,
c7da739e-2efa-4521-9eff-a3f1c551f11a,81762a7d-2eda-4ea3-a787-685be1bc2fc9,Any,c7da739e-2efa-4521-9eff-a3f1c551f11a,660.9571174,282.9897096,840.9900981,0,0,0,1,,,
a81838df-7800-404e-acd9-ce6f682f6921,cc2c6588-bc30-4831-8f72-7b6cc1dfef70,Any,a81838df-7800-404e-acd9-ce6f682f6921,397.3383271,216.7929186,650.6422737,0,0,0,1,,,
f60d86ca-7d13-438f-8df8-3e23091a5add,c7da739e-2efa-4521-9eff-a3f1c551f11a,Any,f60d86ca-7d13-438f-8df8-3e23091a5add,162.5899965,573.0086586,628.769046,0,0,0,1,,,
33fd81fc-52da-4ff0-b0ba-b4e8e5a52de4,cc2c6588-bc30-4831-8f72-7b6cc1dfef70,Any,33fd81fc-52da-4ff0-b0ba-b4e8e5a52de4,455.1781975,571.8555356,566.1768857,0,0,0,1,,,
e177448b-d2ab-437e-bfba-ad578eb3c993,662d76a7-a651-4456-9c75-c5f60cec6588,Any,e177448b-d2ab-437e-bfba-ad578eb3c993,167.8911517,148.6415445,519.3905338,0,0,0,1,,,
d96e5b84-fb17-4d09-8963-3bfee4228658,41d59d1b-46c5-4c8a-be05-e062ec90285b,Any,d96e5b84-fb17-4d09-8963-3bfee4228658,371.5857788,905.9135801,635.6601972,0,0,0,1,,,
c63e5dbe-5217-403e-9e25-eaf74f4e85d3,c7da739e-2efa-4521-9eff-a3f1c551f11a,Any,c63e5dbe-5217-403e-9e25-eaf74f4e85d3,672.9285351,308.3871271,786.1309187,0,0,0,1,,,
ee229e3f-47b6-4885-80af-550b9e5b4850,33fd81fc-52da-4ff0-b0ba-b4e8e5a52de4,Any,ee229e3f-47b6-4885-80af-550b9e5b4850,501.4774564,589.7166575,980.1396089,0,0,0,1,,,
787e8727-c5a0-474b-9dc6-eea8f58d5b01,33fd81fc-52da-4ff0-b0ba-b4e8e5a52de4,Any,787e8727-c5a0-474b-9dc6-eea8f58d5b01,910.8700896,545.0582913,298.8318601,0,0,0,1,,,
2abf7387-38a9-4dbc-83d3-130e90969531,33fd81fc-52da-4ff0-b0ba-b4e8e5a52de4,Any,2abf7387-38a9-4dbc-83d3-130e90969531,833.6568847,833.3533959,222.6901861,0,0,0,1,,,
73d1e891-59e3-4f45-8d3e-96e07d2e2b60,662d76a7-a651-4456-9c75-c5f60cec6588,Any,73d1e891-59e3-4f45-8d3e-96e07d2e2b60,91.98619768,60.05298558,696.5027253,0,0,0,1,,,
cdc09aa6-a4db-41bd-9c41-8fa64f852f53,73d1e891-59e3-4f45-8d3e-96e07d2e2b60,Any,cdc09aa6-a4db-41bd-9c41-8fa64f852f53,826.31184,436.0815845,659.480983,0,0,0,1,,,
0ac4cf22-b8a1-4f48-a55c-b45f54ab87d5,73d1e891-59e3-4f45-8d3e-96e07d2e2b60,Any,0ac4cf22-b8a1-4f48-a55c-b45f54ab87d5,343.17948,228.1904711,390.3939773,0,0,0,1,,,
9a5974c5-486e-459c-84a3-880f20ff025e,33fd81fc-52da-4ff0-b0ba-b4e8e5a52de4,Any,9a5974c5-486e-459c-84a3-880f20ff025e,12.79992948,744.3322107,667.9502737,0,0,0,1,,,
